-- phpMyAdmin SQL Dump
-- version 4.2.9.1
-- http://www.phpmyadmin.net
--
-- Хост: localhost
-- Время создания: Янв 26 2017 г., 18:29
-- Версия сервера: 5.5.47-cll-lve
-- Версия PHP: 5.5.38

SET SQL_MODE = "NO_AUTO_VALUE_ON_ZERO";
SET time_zone = "+00:00";


/*!40101 SET @OLD_CHARACTER_SET_CLIENT=@@CHARACTER_SET_CLIENT */;
/*!40101 SET @OLD_CHARACTER_SET_RESULTS=@@CHARACTER_SET_RESULTS */;
/*!40101 SET @OLD_COLLATION_CONNECTION=@@COLLATION_CONNECTION */;
/*!40101 SET NAMES utf8 */;

--
-- База данных: `v_94387_new_bambini_club`
--

-- --------------------------------------------------------

--
-- Структура таблицы `blocks`
--

CREATE TABLE IF NOT EXISTS `blocks` (
  `name` varchar(255) COLLATE utf8_unicode_ci NOT NULL,
  `title` varchar(255) COLLATE utf8_unicode_ci NOT NULL,
  `show` tinyint(1) NOT NULL
) ENGINE=InnoDB DEFAULT CHARSET=utf8 COLLATE=utf8_unicode_ci;

--
-- Дамп данных таблицы `blocks`
--

INSERT INTO `blocks` (`name`, `title`, `show`) VALUES
('static_all_site', '', 0),
('static_about', '', 0),
('static_good_atm', 'Добрая атмосфера', 0),
('static_contacts', 'Контакты', 0),
('dom_upgrade', 'Развивающие программы', 0),
('dom_target_upgrade', '', 0),
('dom_staff', 'Педагоги Bambini', 0),
('dom_all_images', '', 0),
('fidback', '', 0);

-- --------------------------------------------------------

--
-- Структура таблицы `bools`
--

CREATE TABLE IF NOT EXISTS `bools` (
`id` int(10) unsigned NOT NULL,
  `block_name` varchar(255) COLLATE utf8_unicode_ci NOT NULL,
  `group_id` int(11) NOT NULL,
  `group_name` varchar(255) COLLATE utf8_unicode_ci NOT NULL,
  `name` varchar(255) COLLATE utf8_unicode_ci NOT NULL,
  `value` tinyint(1) NOT NULL
) ENGINE=InnoDB AUTO_INCREMENT=70 DEFAULT CHARSET=utf8 COLLATE=utf8_unicode_ci;

--
-- Дамп данных таблицы `bools`
--

INSERT INTO `bools` (`id`, `block_name`, `group_id`, `group_name`, `name`, `value`) VALUES
(1, 'fidback', 72, 'ask', 'mailed', 1),
(2, 'fidback', 226, 'ask', 'mailed', 1),
(3, 'fidback', 227, 'ask', 'mailed', 1),
(4, 'fidback', 228, 'ask', 'mailed', 1),
(5, 'fidback', 229, 'ask', 'mailed', 1),
(6, 'fidback', 230, 'ask', 'mailed', 1),
(7, 'fidback', 231, 'ask', 'mailed', 1),
(8, 'fidback', 232, 'ask', 'mailed', 1),
(9, 'fidback', 233, 'ask', 'mailed', 1),
(10, 'fidback', 234, 'ask', 'mailed', 1),
(11, 'fidback', 235, 'ask', 'mailed', 1),
(12, 'fidback', 236, 'ask', 'mailed', 1),
(13, 'fidback', 237, 'ask', 'mailed', 1),
(14, 'fidback', 238, 'ask', 'mailed', 1),
(15, 'fidback', 239, 'ask', 'mailed', 1),
(16, 'fidback', 240, 'ask', 'mailed', 1),
(17, 'fidback', 241, 'ask', 'mailed', 1),
(18, 'fidback', 242, 'ask', 'mailed', 1),
(19, 'fidback', 243, 'ask', 'mailed', 1),
(20, 'fidback', 244, 'ask', 'mailed', 0),
(21, 'fidback', 245, 'ask', 'mailed', 0),
(22, 'fidback', 246, 'ask', 'mailed', 0),
(23, 'fidback', 247, 'ask', 'mailed', 0),
(24, 'fidback', 248, 'ask', 'mailed', 0),
(25, 'fidback', 249, 'ask', 'mailed', 0),
(26, 'fidback', 250, 'ask', 'mailed', 0),
(27, 'fidback', 251, 'ask', 'mailed', 0),
(28, 'fidback', 252, 'ask', 'mailed', 0),
(29, 'fidback', 253, 'ask', 'mailed', 0),
(30, 'fidback', 254, 'ask', 'mailed', 0),
(31, 'fidback', 255, 'ask', 'mailed', 0),
(32, 'fidback', 256, 'ask', 'mailed', 0),
(33, 'fidback', 257, 'ask', 'mailed', 0),
(34, 'fidback', 258, 'ask', 'mailed', 0),
(35, 'fidback', 259, 'ask', 'mailed', 0),
(36, 'fidback', 260, 'ask', 'mailed', 0),
(37, 'fidback', 261, 'ask', 'mailed', 0),
(38, 'fidback', 262, 'ask', 'mailed', 0),
(39, 'fidback', 263, 'ask', 'mailed', 0),
(40, 'fidback', 264, 'ask', 'mailed', 0),
(41, 'fidback', 265, 'ask', 'mailed', 0),
(42, 'fidback', 266, 'ask', 'mailed', 1),
(43, 'fidback', 267, 'ask', 'mailed', 1),
(44, 'fidback', 268, 'ask', 'mailed', 1),
(45, 'fidback', 269, 'ask', 'mailed', 1),
(46, 'fidback', 270, 'ask', 'mailed', 1),
(47, 'fidback', 271, 'ask', 'mailed', 1),
(48, 'fidback', 272, 'ask', 'mailed', 1),
(49, 'fidback', 273, 'ask', 'mailed', 1),
(50, 'fidback', 274, 'ask', 'mailed', 1),
(51, 'fidback', 317, 'ask', 'mailed', 1),
(52, 'fidback', 318, 'ask', 'mailed', 1),
(53, 'fidback', 319, 'ask', 'mailed', 0),
(54, 'fidback', 320, 'lesson', 'mailed', 0),
(55, 'fidback', 321, 'lesson', 'mailed', 0),
(56, 'fidback', 322, 'ask', 'mailed', 0),
(57, 'fidback', 323, 'lesson', 'mailed', 0),
(58, 'fidback', 324, 'ask', 'mailed', 0),
(59, 'fidback', 325, 'lesson', 'mailed', 0),
(60, 'fidback', 326, 'ask', 'mailed', 0),
(61, 'fidback', 327, 'lesson', 'mailed', 0),
(62, 'fidback', 328, 'ask', 'mailed', 0),
(63, 'fidback', 329, 'lesson', 'mailed', 0),
(64, 'fidback', 330, 'ask', 'mailed', 0),
(65, 'fidback', 331, 'lesson', 'mailed', 0),
(66, 'fidback', 332, 'lesson', 'mailed', 0),
(67, 'fidback', 355, 'ask', 'mailed', 0),
(68, 'fidback', 356, 'lesson', 'mailed', 0),
(69, 'fidback', 357, 'lesson', 'mailed', 0);

-- --------------------------------------------------------

--
-- Структура таблицы `crops`
--

CREATE TABLE IF NOT EXISTS `crops` (
`id` int(10) unsigned NOT NULL,
  `value` varchar(255) COLLATE utf8_unicode_ci NOT NULL,
  `name` varchar(255) COLLATE utf8_unicode_ci NOT NULL,
  `image_name` varchar(255) COLLATE utf8_unicode_ci NOT NULL,
  `block_name` varchar(255) COLLATE utf8_unicode_ci NOT NULL,
  `group_name` varchar(255) COLLATE utf8_unicode_ci NOT NULL,
  `group_id` int(11) NOT NULL,
  `image_id` int(11) NOT NULL,
  `alt` varchar(255) COLLATE utf8_unicode_ci NOT NULL,
  `link` varchar(255) COLLATE utf8_unicode_ci NOT NULL,
  `man_sufix` varchar(255) COLLATE utf8_unicode_ci NOT NULL,
  `target_sufix` varchar(255) COLLATE utf8_unicode_ci NOT NULL,
  `cache_index` int(11) NOT NULL,
  `man_x1` int(11) NOT NULL,
  `man_y1` int(11) NOT NULL,
  `man_x2` int(11) NOT NULL,
  `man_y2` int(11) NOT NULL,
  `target_x1` int(11) NOT NULL,
  `target_y1` int(11) NOT NULL,
  `target_x2` int(11) NOT NULL,
  `target_y2` int(11) NOT NULL
) ENGINE=InnoDB AUTO_INCREMENT=1015 DEFAULT CHARSET=utf8 COLLATE=utf8_unicode_ci;

--
-- Дамп данных таблицы `crops`
--

INSERT INTO `crops` (`id`, `value`, `name`, `image_name`, `block_name`, `group_name`, `group_id`, `image_id`, `alt`, `link`, `man_sufix`, `target_sufix`, `cache_index`, `man_x1`, `man_y1`, `man_x2`, `man_y2`, `target_x1`, `target_y1`, `target_x2`, `target_y2`) VALUES
(1, '', 'big', 'atm_pict', 'static_good_atm', 'good_atm_gallery', 8, 11, '', 'placeholders/placeholder_470_310_808080.jpg', 'primary', 'primary', 1, 0, 0, 470, 310, 0, 0, 470, 310),
(2, '', 'medium', 'atm_pict', 'static_good_atm', 'good_atm_gallery', 8, 11, '', 'placeholders/placeholder_230_170_808080.jpg', 'primary', 'primary', 1, 0, 0, 230, 170, 0, 0, 229, 170),
(3, '', 'small', 'atm_pict', 'static_good_atm', 'good_atm_gallery', 8, 11, '', 'placeholders/placeholder_170_110_808080.jpg', 'primary', 'primary', 1, 0, 0, 170, 110, 0, 0, 170, 110),
(4, '', 'big', 'atm_pict', 'static_good_atm', 'good_atm_gallery', 9, 12, '', 'placeholders/placeholder_470_310_808080.jpg', 'primary', 'primary', 1, 0, 0, 470, 310, 0, 0, 470, 310),
(5, '', 'medium', 'atm_pict', 'static_good_atm', 'good_atm_gallery', 9, 12, '', 'placeholders/placeholder_230_170_808080.jpg', 'primary', 'primary', 1, 0, 0, 230, 170, 0, 0, 229, 170),
(6, '', 'small', 'atm_pict', 'static_good_atm', 'good_atm_gallery', 9, 12, '', 'placeholders/placeholder_170_110_808080.jpg', 'primary', 'primary', 1, 0, 0, 170, 110, 0, 0, 170, 110),
(7, '', 'big', 'atm_pict', 'static_good_atm', 'good_atm_gallery', 10, 13, '', 'placeholders/placeholder_470_310_808080.jpg', 'primary', 'primary', 1, 0, 0, 470, 310, 0, 0, 470, 310),
(8, '', 'medium', 'atm_pict', 'static_good_atm', 'good_atm_gallery', 10, 13, '', 'placeholders/placeholder_230_170_808080.jpg', 'primary', 'primary', 1, 0, 0, 230, 170, 0, 0, 229, 170),
(9, '', 'small', 'atm_pict', 'static_good_atm', 'good_atm_gallery', 10, 13, '', 'placeholders/placeholder_170_110_808080.jpg', 'primary', 'primary', 1, 0, 0, 170, 110, 0, 0, 170, 110),
(10, '', 'big', 'atm_pict', 'static_good_atm', 'good_atm_gallery', 11, 14, '', 'placeholders/placeholder_470_310_808080.jpg', 'primary', 'primary', 1, 0, 0, 470, 310, 0, 0, 470, 310),
(11, '', 'medium', 'atm_pict', 'static_good_atm', 'good_atm_gallery', 11, 14, '', 'placeholders/placeholder_230_170_808080.jpg', 'primary', 'primary', 1, 0, 0, 230, 170, 0, 0, 229, 170),
(12, '', 'small', 'atm_pict', 'static_good_atm', 'good_atm_gallery', 11, 14, '', 'placeholders/placeholder_170_110_808080.jpg', 'primary', 'primary', 1, 0, 0, 170, 110, 0, 0, 170, 110),
(13, '', 'big', 'atm_pict', 'static_good_atm', 'good_atm_gallery', 12, 15, '', 'placeholders/placeholder_470_310_808080.jpg', 'primary', 'primary', 1, 0, 0, 470, 310, 0, 0, 470, 310),
(14, '', 'medium', 'atm_pict', 'static_good_atm', 'good_atm_gallery', 12, 15, '', 'placeholders/placeholder_230_170_808080.jpg', 'primary', 'primary', 1, 0, 0, 230, 170, 0, 0, 229, 170),
(15, '', 'small', 'atm_pict', 'static_good_atm', 'good_atm_gallery', 12, 15, '', 'placeholders/placeholder_170_110_808080.jpg', 'primary', 'primary', 1, 0, 0, 170, 110, 0, 0, 170, 110),
(16, '', 'big', 'atm_pict', 'static_good_atm', 'good_atm_gallery', 13, 16, '', 'placeholders/placeholder_470_310_808080.jpg', 'primary', 'primary', 0, 0, 0, 470, 310, 0, 0, 470, 310),
(17, '', 'medium', 'atm_pict', 'static_good_atm', 'good_atm_gallery', 13, 16, '', 'placeholders/placeholder_230_170_808080.jpg', 'primary', 'primary', 0, 0, 0, 230, 170, 0, 0, 229, 170),
(18, '', 'small', 'atm_pict', 'static_good_atm', 'good_atm_gallery', 13, 16, '', 'placeholders/placeholder_170_110_808080.jpg', 'primary', 'primary', 0, 0, 0, 170, 110, 0, 0, 170, 110),
(19, '', 'big', 'atm_pict', 'static_good_atm', 'good_atm_gallery', 14, 17, '', 'placeholders/placeholder_470_310_808080.jpg', 'primary', 'primary', 0, 0, 0, 470, 310, 0, 0, 470, 310),
(20, '', 'medium', 'atm_pict', 'static_good_atm', 'good_atm_gallery', 14, 17, '', 'placeholders/placeholder_230_170_808080.jpg', 'primary', 'primary', 0, 0, 0, 230, 170, 0, 0, 229, 170),
(21, '', 'small', 'atm_pict', 'static_good_atm', 'good_atm_gallery', 14, 17, '', 'placeholders/placeholder_170_110_808080.jpg', 'primary', 'primary', 0, 0, 0, 170, 110, 0, 0, 170, 110),
(22, '', 'big', 'atm_pict', 'static_good_atm', 'good_atm_gallery', 15, 18, '', 'placeholders/placeholder_470_310_808080.jpg', 'primary', 'primary', 0, 0, 0, 470, 310, 0, 0, 470, 310),
(23, '', 'medium', 'atm_pict', 'static_good_atm', 'good_atm_gallery', 15, 18, '', 'placeholders/placeholder_230_170_808080.jpg', 'primary', 'primary', 0, 0, 0, 230, 170, 0, 0, 229, 170),
(24, '', 'small', 'atm_pict', 'static_good_atm', 'good_atm_gallery', 15, 18, '', 'placeholders/placeholder_170_110_808080.jpg', 'primary', 'primary', 0, 0, 0, 170, 110, 0, 0, 170, 110),
(25, '', 'big', 'atm_pict', 'static_good_atm', 'good_atm_gallery', 16, 19, '', 'placeholders/placeholder_470_310_808080.jpg', 'primary', 'primary', 0, 0, 0, 470, 310, 0, 0, 470, 310),
(26, '', 'medium', 'atm_pict', 'static_good_atm', 'good_atm_gallery', 16, 19, '', 'placeholders/placeholder_230_170_808080.jpg', 'primary', 'primary', 0, 0, 0, 230, 170, 0, 0, 229, 170),
(27, '', 'small', 'atm_pict', 'static_good_atm', 'good_atm_gallery', 16, 19, '', 'placeholders/placeholder_170_110_808080.jpg', 'primary', 'primary', 0, 0, 0, 170, 110, 0, 0, 170, 110),
(28, '', 'big', 'atm_pict', 'static_good_atm', 'good_atm_gallery', 17, 20, '', 'placeholders/placeholder_470_310_808080.jpg', 'primary', 'primary', 0, 0, 0, 470, 310, 0, 0, 470, 310),
(29, '', 'medium', 'atm_pict', 'static_good_atm', 'good_atm_gallery', 17, 20, '', 'placeholders/placeholder_230_170_808080.jpg', 'primary', 'primary', 0, 0, 0, 230, 170, 0, 0, 229, 170),
(30, '', 'small', 'atm_pict', 'static_good_atm', 'good_atm_gallery', 17, 20, '', 'placeholders/placeholder_170_110_808080.jpg', 'primary', 'primary', 0, 0, 0, 170, 110, 0, 0, 170, 110),
(31, '', 'big', 'atm_pict', 'static_good_atm', 'good_atm_gallery', 8, 11, '', 'good_atm_gallery_atm_pict_8_big.jpg', 'primary', 'primary', 1, 165, 245, 635, 555, 165, 245, 635, 555),
(32, '', 'medium', 'atm_pict', 'static_good_atm', 'good_atm_gallery', 8, 11, '', 'good_atm_gallery_atm_pict_8_medium.jpg', 'primary', 'primary', 1, 285, 315, 515, 485, 285, 315, 515, 485),
(33, '', 'small', 'atm_pict', 'static_good_atm', 'good_atm_gallery', 8, 11, '', 'good_atm_gallery_atm_pict_8_small.jpg', 'primary', 'primary', 1, 315, 345, 485, 455, 315, 345, 485, 455),
(34, '', 'big', 'atm_pict', 'static_good_atm', 'good_atm_gallery', 9, 12, '', 'good_atm_gallery_atm_pict_9_big.jpg', 'primary', 'primary', 1, 165, 245, 635, 555, 165, 245, 635, 555),
(35, '', 'medium', 'atm_pict', 'static_good_atm', 'good_atm_gallery', 9, 12, '', 'good_atm_gallery_atm_pict_9_medium.jpg', 'primary', 'primary', 1, 285, 315, 515, 485, 285, 315, 515, 485),
(36, '', 'big', 'atm_pict', 'static_good_atm', 'good_atm_gallery', 11, 14, '', 'good_atm_gallery_atm_pict_11_big.jpg', 'primary', 'primary', 1, 165, 245, 635, 555, 165, 245, 635, 555),
(37, '', 'big', 'atm_pict', 'static_good_atm', 'good_atm_gallery', 12, 15, '', 'good_atm_gallery_atm_pict_12_big.jpg', 'primary', 'primary', 1, 165, 245, 635, 555, 165, 245, 635, 555),
(38, '', 'big', 'atm_pict', 'static_good_atm', 'good_atm_gallery', 13, 16, '', 'good_atm_gallery_atm_pict_13_big.jpg', 'primary', 'primary', 0, 165, 245, 635, 555, 165, 245, 635, 555),
(39, '', 'big', 'atm_pict', 'static_good_atm', 'good_atm_gallery', 10, 13, '', 'good_atm_gallery_atm_pict_10_big.jpg', 'primary', 'primary', 1, 165, 245, 635, 555, 165, 245, 635, 555),
(40, '', 'small', 'atm_pict', 'static_good_atm', 'good_atm_gallery', 9, 12, '', 'good_atm_gallery_atm_pict_9_small.jpg', 'primary', 'primary', 1, 315, 345, 485, 455, 315, 345, 485, 455),
(41, '', 'medium', 'atm_pict', 'static_good_atm', 'good_atm_gallery', 13, 16, '', 'good_atm_gallery_atm_pict_13_medium.jpg', 'primary', 'primary', 0, 285, 315, 515, 485, 285, 315, 515, 485),
(42, '', 'medium', 'atm_pict', 'static_good_atm', 'good_atm_gallery', 12, 15, '', 'good_atm_gallery_atm_pict_12_medium.jpg', 'primary', 'primary', 1, 285, 315, 515, 485, 285, 315, 515, 485),
(43, '', 'medium', 'atm_pict', 'static_good_atm', 'good_atm_gallery', 11, 14, '', 'good_atm_gallery_atm_pict_11_medium.jpg', 'primary', 'primary', 1, 285, 315, 515, 485, 285, 315, 515, 485),
(44, '', 'medium', 'atm_pict', 'static_good_atm', 'good_atm_gallery', 10, 13, '', 'good_atm_gallery_atm_pict_10_medium.jpg', 'primary', 'primary', 1, 285, 315, 515, 485, 285, 315, 515, 485),
(45, '', 'small', 'atm_pict', 'static_good_atm', 'good_atm_gallery', 12, 15, '', 'good_atm_gallery_atm_pict_12_small.jpg', 'primary', 'primary', 1, 315, 345, 485, 455, 315, 345, 485, 455),
(46, '', 'small', 'atm_pict', 'static_good_atm', 'good_atm_gallery', 13, 16, '', 'good_atm_gallery_atm_pict_13_small.jpg', 'primary', 'primary', 0, 315, 345, 485, 455, 315, 345, 485, 455),
(47, '', 'small', 'atm_pict', 'static_good_atm', 'good_atm_gallery', 11, 14, '', 'good_atm_gallery_atm_pict_11_small.jpg', 'primary', 'primary', 1, 315, 345, 485, 455, 315, 345, 485, 455),
(48, '', 'small', 'atm_pict', 'static_good_atm', 'good_atm_gallery', 10, 13, '', 'good_atm_gallery_atm_pict_10_small.jpg', 'primary', 'primary', 1, 315, 345, 485, 455, 315, 345, 485, 455),
(49, '', 'big', 'atm_pict', 'static_good_atm', 'good_atm_gallery', 14, 17, '', 'good_atm_gallery_atm_pict_14_big.jpg', 'primary', 'primary', 0, 165, 245, 635, 555, 165, 245, 635, 555),
(50, '', 'medium', 'atm_pict', 'static_good_atm', 'good_atm_gallery', 14, 17, '', 'good_atm_gallery_atm_pict_14_medium.jpg', 'primary', 'primary', 0, 285, 315, 515, 485, 285, 315, 515, 485),
(51, '', 'small', 'atm_pict', 'static_good_atm', 'good_atm_gallery', 14, 17, '', 'good_atm_gallery_atm_pict_14_small.jpg', 'primary', 'primary', 0, 315, 345, 485, 455, 315, 345, 485, 455),
(52, '', 'big', 'atm_pict', 'static_good_atm', 'good_atm_gallery', 15, 18, '', 'good_atm_gallery_atm_pict_15_big.jpg', 'primary', 'primary', 0, 165, 245, 635, 555, 165, 245, 635, 555),
(53, '', 'medium', 'atm_pict', 'static_good_atm', 'good_atm_gallery', 15, 18, '', 'good_atm_gallery_atm_pict_15_medium.jpg', 'primary', 'primary', 0, 285, 315, 515, 485, 285, 315, 515, 485),
(54, '', 'small', 'atm_pict', 'static_good_atm', 'good_atm_gallery', 15, 18, '', 'good_atm_gallery_atm_pict_15_small.jpg', 'primary', 'primary', 0, 315, 345, 485, 455, 315, 345, 485, 455),
(55, '', 'big', 'atm_pict', 'static_good_atm', 'good_atm_gallery', 16, 19, '', 'good_atm_gallery_atm_pict_16_big.jpg', 'primary', 'primary', 0, 165, 245, 635, 555, 165, 245, 635, 555),
(56, '', 'medium', 'atm_pict', 'static_good_atm', 'good_atm_gallery', 16, 19, '', 'good_atm_gallery_atm_pict_16_medium.jpg', 'primary', 'primary', 0, 285, 315, 515, 485, 285, 315, 515, 485),
(57, '', 'big', 'atm_pict', 'static_good_atm', 'good_atm_gallery', 17, 20, '', 'good_atm_gallery_atm_pict_17_big.jpg', 'primary', 'primary', 0, 165, 245, 635, 555, 165, 245, 635, 555),
(58, '', 'medium', 'atm_pict', 'static_good_atm', 'good_atm_gallery', 17, 20, '', 'good_atm_gallery_atm_pict_17_medium.jpg', 'primary', 'primary', 0, 285, 315, 515, 485, 285, 315, 515, 485),
(59, '', 'small', 'atm_pict', 'static_good_atm', 'good_atm_gallery', 16, 19, '', 'good_atm_gallery_atm_pict_16_small.jpg', 'primary', 'primary', 0, 315, 345, 485, 455, 315, 345, 485, 455),
(60, '', 'small', 'atm_pict', 'static_good_atm', 'good_atm_gallery', 17, 20, '', 'good_atm_gallery_atm_pict_17_small.jpg', 'primary', 'primary', 0, 315, 345, 485, 455, 315, 345, 485, 455),
(61, '', 'big', 'program_gallery_pict', 'dom_upgrade', 'program_gallery', 21, 24, '', 'placeholders/placeholder_490_365_808080.jpg', 'primary', 'primary', 0, 0, 0, 490, 365, 0, 0, 490, 365),
(62, '', 'medium', 'program_gallery_pict', 'dom_upgrade', 'program_gallery', 21, 24, '', 'placeholders/placeholder_230_170_808080.jpg', 'primary', 'primary', 0, 0, 0, 230, 170, 0, 0, 229, 170),
(63, '', 'small', 'program_gallery_pict', 'dom_upgrade', 'program_gallery', 21, 24, '', 'placeholders/placeholder_170_110_808080.jpg', 'primary', 'primary', 0, 0, 0, 170, 110, 0, 0, 170, 110),
(64, '', 'big', 'program_gallery_pict', 'dom_upgrade', 'program_gallery', 22, 25, '', 'placeholders/placeholder_490_365_808080.jpg', 'primary', 'primary', 0, 0, 0, 490, 365, 0, 0, 490, 365),
(65, '', 'medium', 'program_gallery_pict', 'dom_upgrade', 'program_gallery', 22, 25, '', 'placeholders/placeholder_230_170_808080.jpg', 'primary', 'primary', 0, 0, 0, 230, 170, 0, 0, 229, 170),
(66, '', 'small', 'program_gallery_pict', 'dom_upgrade', 'program_gallery', 22, 25, '', 'placeholders/placeholder_170_110_808080.jpg', 'primary', 'primary', 0, 0, 0, 170, 110, 0, 0, 170, 110),
(67, '', 'big', 'program_gallery_pict', 'dom_upgrade', 'program_gallery', 22, 25, '', 'program_gallery_program_gallery_pict_22_big.jpg', 'primary', 'primary', 0, 155, 218, 645, 583, 155, 217, 645, 582),
(68, '', 'medium', 'program_gallery_pict', 'dom_upgrade', 'program_gallery', 22, 25, '', 'program_gallery_program_gallery_pict_22_medium.jpg', 'primary', 'primary', 0, 285, 315, 515, 485, 285, 315, 515, 485),
(69, '', 'small', 'program_gallery_pict', 'dom_upgrade', 'program_gallery', 22, 25, '', 'program_gallery_program_gallery_pict_22_small.jpg', 'primary', 'primary', 0, 315, 345, 485, 455, 315, 345, 485, 455),
(85, '', 'big', 'atm_pict', 'static_good_atm', 'good_atm_gallery', 46, 42, '', 'placeholders/placeholder_470_310_808080.jpg', 'primary', 'primary', 37, 0, 0, 470, 310, 0, 0, 470, 310),
(86, '', 'medium', 'atm_pict', 'static_good_atm', 'good_atm_gallery', 46, 42, '', 'placeholders/placeholder_230_170_808080.jpg', 'secondary', 'secondary', 37, 0, 0, 230, 170, 0, 0, 230, 170),
(87, '', 'small', 'atm_pict', 'static_good_atm', 'good_atm_gallery', 46, 42, '', 'placeholders/placeholder_170_110_808080.jpg', 'icon', 'icon', 37, 0, 0, 170, 110, 0, 0, 170, 110),
(88, '', 'big', 'atm_pict', 'static_good_atm', 'good_atm_gallery', 47, 43, '', 'placeholders/placeholder_470_310_808080.jpg', 'primary', 'primary', 37, 0, 0, 470, 310, 0, 0, 470, 310),
(89, '', 'medium', 'atm_pict', 'static_good_atm', 'good_atm_gallery', 47, 43, '', 'placeholders/placeholder_230_170_808080.jpg', 'secondary', 'secondary', 37, 0, 0, 230, 170, 0, 0, 230, 170),
(90, '', 'small', 'atm_pict', 'static_good_atm', 'good_atm_gallery', 47, 43, '', 'placeholders/placeholder_170_110_808080.jpg', 'icon', 'icon', 37, 0, 0, 170, 110, 0, 0, 170, 110),
(91, '', 'big', 'atm_pict', 'static_good_atm', 'good_atm_gallery', 48, 44, '', 'placeholders/placeholder_470_310_808080.jpg', 'primary', 'primary', 37, 0, 0, 470, 310, 0, 0, 470, 310),
(92, '', 'medium', 'atm_pict', 'static_good_atm', 'good_atm_gallery', 48, 44, '', 'placeholders/placeholder_230_170_808080.jpg', 'secondary', 'secondary', 37, 0, 0, 230, 170, 0, 0, 230, 170),
(93, '', 'small', 'atm_pict', 'static_good_atm', 'good_atm_gallery', 48, 44, '', 'placeholders/placeholder_170_110_808080.jpg', 'icon', 'icon', 36, 0, 0, 170, 110, 0, 0, 170, 110),
(109, '', 'big', 'atm_pict', 'static_good_atm', 'good_atm_gallery', 46, 42, '', 'good_atm_gallery_atm_pict_46_big.jpg', 'primary', 'primary', 37, -80, 0, 390, 310, -80, 0, 390, 310),
(115, '', 'medium', 'atm_pict', 'static_good_atm', 'good_atm_gallery', 46, 42, '', 'good_atm_gallery_atm_pict_46_medium.jpg', 'secondary', 'secondary', 37, -30, 0, 200, 170, -30, 0, 200, 170),
(120, '', 'small', 'atm_pict', 'static_good_atm', 'good_atm_gallery', 46, 42, '', 'good_atm_gallery_atm_pict_46_small.jpg', 'icon', 'icon', 37, -30, 0, 140, 110, -30, 0, 140, 110),
(121, '', 'big', 'atm_pict', 'static_good_atm', 'good_atm_gallery', 47, 43, '', 'good_atm_gallery_atm_pict_47_big.jpg', 'primary', 'primary', 37, -80, 0, 390, 310, -80, 0, 390, 310),
(122, '', 'big', 'atm_pict', 'static_good_atm', 'good_atm_gallery', 48, 44, '', 'good_atm_gallery_atm_pict_48_big.jpg', 'primary', 'primary', 36, -80, 0, 390, 310, -80, 0, 390, 310),
(123, '', 'medium', 'atm_pict', 'static_good_atm', 'good_atm_gallery', 47, 43, '', 'good_atm_gallery_atm_pict_47_medium.jpg', 'secondary', 'secondary', 37, -30, 0, 200, 170, -30, 0, 200, 170),
(125, '', 'medium', 'atm_pict', 'static_good_atm', 'good_atm_gallery', 48, 44, '', 'good_atm_gallery_atm_pict_48_medium.jpg', 'secondary', 'secondary', 36, -30, 0, 200, 170, -30, 0, 200, 170),
(126, '', 'small', 'atm_pict', 'static_good_atm', 'good_atm_gallery', 47, 43, '', 'good_atm_gallery_atm_pict_47_small.jpg', 'icon', 'icon', 37, -30, 0, 140, 110, -30, 0, 140, 110),
(129, '', 'small', 'atm_pict', 'static_good_atm', 'good_atm_gallery', 48, 44, '', 'good_atm_gallery_atm_pict_48_small.jpg', 'icon', 'icon', 36, -30, 0, 140, 110, -30, 0, 140, 110),
(175, '', 'big', 'atm_pict', 'static_good_atm', 'good_atm_gallery', 46, 42, '', 'crops/good_atm_gallery_atm_pict_46_big.jpg', 'primary', 'primary', 34, -3, 0, 468, 310, -3, 0, 467, 310),
(178, '', 'medium', 'atm_pict', 'static_good_atm', 'good_atm_gallery', 46, 42, '', 'crops/good_atm_gallery_atm_pict_46_medium.jpg', 'secondary', 'secondary', 34, 13, 0, 243, 170, 12, 0, 242, 170),
(180, '', 'small', 'atm_pict', 'static_good_atm', 'good_atm_gallery', 46, 42, '', 'crops/good_atm_gallery_atm_pict_46_small.jpg', 'icon', 'icon', 34, -3, 0, 168, 110, -3, 0, 167, 110),
(182, '', 'big', 'atm_pict', 'static_good_atm', 'good_atm_gallery', 47, 43, '', 'crops/good_atm_gallery_atm_pict_47_big.jpg', 'primary', 'primary', 34, 9, 0, 479, 310, 9, 0, 479, 310),
(184, '', 'medium', 'atm_pict', 'static_good_atm', 'good_atm_gallery', 47, 43, '', 'crops/good_atm_gallery_atm_pict_47_medium.jpg', 'secondary', 'secondary', 34, 19, 0, 249, 170, 19, 0, 249, 170),
(186, '', 'small', 'atm_pict', 'static_good_atm', 'good_atm_gallery', 47, 43, '', 'crops/good_atm_gallery_atm_pict_47_small.jpg', 'icon', 'icon', 34, 2, 0, 172, 110, 1, 0, 171, 110),
(187, '', 'big', 'atm_pict', 'static_good_atm', 'good_atm_gallery', 48, 44, '', 'crops/good_atm_gallery_atm_pict_48_big.jpg', 'primary', 'primary', 33, 9, 0, 479, 310, 9, 0, 479, 310),
(190, '', 'medium', 'atm_pict', 'static_good_atm', 'good_atm_gallery', 48, 44, '', 'crops/good_atm_gallery_atm_pict_48_medium.jpg', 'secondary', 'secondary', 33, 19, 0, 249, 170, 19, 0, 249, 170),
(191, '', 'small', 'atm_pict', 'static_good_atm', 'good_atm_gallery', 48, 44, '', 'crops/good_atm_gallery_atm_pict_48_small.jpg', 'icon', 'icon', 33, 2, 0, 172, 110, 1, 0, 171, 110),
(214, '', 'big', 'program_gallery_pict', 'dom_upgrade', 'program_gallery', 87, 65, '', 'placeholders/placeholder_490_365_808080.jpg', 'primary', 'primary', 33, 0, 0, 490, 365, 0, 0, 490, 365),
(215, '', 'medium', 'program_gallery_pict', 'dom_upgrade', 'program_gallery', 87, 65, '', 'placeholders/placeholder_230_170_808080.jpg', 'secondary', 'secondary', 33, 0, 0, 230, 170, 0, 0, 230, 170),
(216, '', 'small', 'program_gallery_pict', 'dom_upgrade', 'program_gallery', 87, 65, '', 'placeholders/placeholder_170_110_808080.jpg', 'icon', 'icon', 33, 0, 0, 170, 110, 0, 0, 170, 110),
(217, '', 'big', 'program_gallery_pict', 'dom_upgrade', 'program_gallery', 88, 66, '', 'placeholders/placeholder_490_365_808080.jpg', 'primary', 'primary', 33, 0, 0, 490, 365, 0, 0, 490, 365),
(218, '', 'medium', 'program_gallery_pict', 'dom_upgrade', 'program_gallery', 88, 66, '', 'placeholders/placeholder_230_170_808080.jpg', 'secondary', 'secondary', 33, 0, 0, 230, 170, 0, 0, 230, 170),
(219, '', 'small', 'program_gallery_pict', 'dom_upgrade', 'program_gallery', 88, 66, '', 'placeholders/placeholder_170_110_808080.jpg', 'icon', 'icon', 33, 0, 0, 170, 110, 0, 0, 170, 110),
(220, '', 'big', 'program_gallery_pict', 'dom_upgrade', 'program_gallery', 89, 67, '', 'placeholders/placeholder_490_365_808080.jpg', 'primary', 'primary', 33, 0, 0, 490, 365, 0, 0, 490, 365),
(221, '', 'medium', 'program_gallery_pict', 'dom_upgrade', 'program_gallery', 89, 67, '', 'placeholders/placeholder_230_170_808080.jpg', 'secondary', 'secondary', 33, 0, 0, 230, 170, 0, 0, 230, 170),
(222, '', 'small', 'program_gallery_pict', 'dom_upgrade', 'program_gallery', 89, 67, '', 'placeholders/placeholder_170_110_808080.jpg', 'icon', 'icon', 33, 0, 0, 170, 110, 0, 0, 170, 110),
(223, '', 'big', 'program_gallery_pict', 'dom_upgrade', 'program_gallery', 90, 68, '', 'placeholders/placeholder_490_365_808080.jpg', 'primary', 'primary', 33, 0, 0, 490, 365, 0, 0, 490, 365),
(224, '', 'medium', 'program_gallery_pict', 'dom_upgrade', 'program_gallery', 90, 68, '', 'placeholders/placeholder_230_170_808080.jpg', 'secondary', 'secondary', 33, 0, 0, 230, 170, 0, 0, 230, 170),
(225, '', 'small', 'program_gallery_pict', 'dom_upgrade', 'program_gallery', 90, 68, '', 'placeholders/placeholder_170_110_808080.jpg', 'icon', 'icon', 33, 0, 0, 170, 110, 0, 0, 170, 110),
(226, '', 'big', 'program_gallery_pict', 'dom_upgrade', 'program_gallery', 91, 69, '', 'placeholders/placeholder_490_365_808080.jpg', 'primary', 'primary', 33, 0, 0, 490, 365, 0, 0, 490, 365),
(227, '', 'medium', 'program_gallery_pict', 'dom_upgrade', 'program_gallery', 91, 69, '', 'placeholders/placeholder_230_170_808080.jpg', 'secondary', 'secondary', 33, 0, 0, 230, 170, 0, 0, 230, 170),
(228, '', 'small', 'program_gallery_pict', 'dom_upgrade', 'program_gallery', 91, 69, '', 'placeholders/placeholder_170_110_808080.jpg', 'icon', 'icon', 33, 0, 0, 170, 110, 0, 0, 170, 110),
(229, '', 'big', 'program_gallery_pict', 'dom_upgrade', 'program_gallery', 87, 65, '', 'crops/program_gallery_program_gallery_pict_87_big.jpg', 'primary', 'primary', 33, 29, 0, 519, 365, 29, 0, 519, 365),
(230, '', 'big', 'program_gallery_pict', 'dom_upgrade', 'program_gallery', 88, 66, '', 'crops/program_gallery_program_gallery_pict_88_big.jpg', 'primary', 'primary', 33, 29, 0, 519, 365, 29, 0, 519, 365),
(231, '', 'medium', 'program_gallery_pict', 'dom_upgrade', 'program_gallery', 87, 65, '', 'crops/program_gallery_program_gallery_pict_87_medium.jpg', 'secondary', 'secondary', 33, 13, 0, 243, 170, 12, 0, 242, 170),
(232, '', 'medium', 'program_gallery_pict', 'dom_upgrade', 'program_gallery', 88, 66, '', 'crops/program_gallery_program_gallery_pict_88_medium.jpg', 'secondary', 'secondary', 33, 13, 0, 243, 170, 12, 0, 242, 170),
(233, '', 'small', 'program_gallery_pict', 'dom_upgrade', 'program_gallery', 87, 65, '', 'crops/program_gallery_program_gallery_pict_87_small.jpg', 'icon', 'icon', 33, -3, 0, 168, 110, -3, 0, 167, 110),
(234, '', 'small', 'program_gallery_pict', 'dom_upgrade', 'program_gallery', 88, 66, '', 'crops/program_gallery_program_gallery_pict_88_small.jpg', 'icon', 'icon', 33, -3, 0, 168, 110, -3, 0, 167, 110),
(235, '', 'big', 'program_gallery_pict', 'dom_upgrade', 'program_gallery', 89, 67, '', 'crops/program_gallery_program_gallery_pict_89_big.jpg', 'primary', 'primary', 33, 29, 0, 519, 365, 29, 0, 519, 365),
(236, '', 'big', 'program_gallery_pict', 'dom_upgrade', 'program_gallery', 90, 68, '', 'crops/program_gallery_program_gallery_pict_90_big.jpg', 'primary', 'primary', 33, 38, 0, 528, 365, 38, 0, 528, 365),
(237, '', 'medium', 'program_gallery_pict', 'dom_upgrade', 'program_gallery', 89, 67, '', 'crops/program_gallery_program_gallery_pict_89_medium.jpg', 'secondary', 'secondary', 33, 13, 0, 243, 170, 12, 0, 242, 170),
(238, '', 'medium', 'program_gallery_pict', 'dom_upgrade', 'program_gallery', 90, 68, '', 'crops/program_gallery_program_gallery_pict_90_medium.jpg', 'secondary', 'secondary', 33, 17, 0, 247, 170, 17, 0, 247, 170),
(239, '', 'big', 'program_gallery_pict', 'dom_upgrade', 'program_gallery', 91, 69, '', 'crops/program_gallery_program_gallery_pict_91_big.jpg', 'primary', 'primary', 33, 29, 0, 519, 365, 29, 0, 519, 365),
(240, '', 'small', 'program_gallery_pict', 'dom_upgrade', 'program_gallery', 89, 67, '', 'crops/program_gallery_program_gallery_pict_89_small.jpg', 'icon', 'icon', 33, -3, 0, 168, 110, -3, 0, 167, 110),
(241, '', 'small', 'program_gallery_pict', 'dom_upgrade', 'program_gallery', 90, 68, '', 'crops/program_gallery_program_gallery_pict_90_small.jpg', 'icon', 'icon', 33, 1, 0, 171, 110, 0, 0, 170, 110),
(242, '', 'medium', 'program_gallery_pict', 'dom_upgrade', 'program_gallery', 91, 69, '', 'crops/program_gallery_program_gallery_pict_91_medium.jpg', 'secondary', 'secondary', 33, 13, 0, 243, 170, 12, 0, 242, 170),
(243, '', 'small', 'program_gallery_pict', 'dom_upgrade', 'program_gallery', 91, 69, '', 'crops/program_gallery_program_gallery_pict_91_small.jpg', 'icon', 'icon', 33, -3, 0, 168, 110, -3, 0, 167, 110),
(262, '', 'big', 'atm_pict', 'static_good_atm', 'good_atm_gallery', 95, 73, '', 'placeholders/placeholder_470_310_808080.jpg', 'primary', 'primary', 20, 0, 0, 470, 310, 0, 0, 470, 310),
(263, '', 'medium', 'atm_pict', 'static_good_atm', 'good_atm_gallery', 95, 73, '', 'placeholders/placeholder_230_170_808080.jpg', 'secondary', 'secondary', 20, 0, 0, 230, 170, 0, 0, 230, 170),
(264, '', 'small', 'atm_pict', 'static_good_atm', 'good_atm_gallery', 95, 73, '', 'placeholders/placeholder_170_110_808080.jpg', 'icon', 'icon', 20, 0, 0, 170, 110, 0, 0, 170, 110),
(265, '', 'big', 'atm_pict', 'static_good_atm', 'good_atm_gallery', 96, 74, '', 'placeholders/placeholder_470_310_808080.jpg', 'primary', 'primary', 17, 0, 0, 470, 310, 0, 0, 470, 310),
(266, '', 'medium', 'atm_pict', 'static_good_atm', 'good_atm_gallery', 96, 74, '', 'placeholders/placeholder_230_170_808080.jpg', 'secondary', 'secondary', 17, 0, 0, 230, 170, 0, 0, 230, 170),
(267, '', 'small', 'atm_pict', 'static_good_atm', 'good_atm_gallery', 96, 74, '', 'placeholders/placeholder_170_110_808080.jpg', 'icon', 'icon', 17, 0, 0, 170, 110, 0, 0, 170, 110),
(268, '', 'big', 'atm_pict', 'static_good_atm', 'good_atm_gallery', 97, 75, '', 'placeholders/placeholder_470_310_808080.jpg', 'primary', 'primary', 16, 0, 0, 470, 310, 0, 0, 470, 310),
(269, '', 'medium', 'atm_pict', 'static_good_atm', 'good_atm_gallery', 97, 75, '', 'placeholders/placeholder_230_170_808080.jpg', 'secondary', 'secondary', 16, 0, 0, 230, 170, 0, 0, 230, 170),
(270, '', 'small', 'atm_pict', 'static_good_atm', 'good_atm_gallery', 97, 75, '', 'placeholders/placeholder_170_110_808080.jpg', 'icon', 'icon', 16, 0, 0, 170, 110, 0, 0, 170, 110),
(271, '', 'big', 'atm_pict', 'static_good_atm', 'good_atm_gallery', 98, 76, '', 'placeholders/placeholder_470_310_808080.jpg', 'primary', 'primary', 16, 0, 0, 470, 310, 0, 0, 470, 310),
(272, '', 'medium', 'atm_pict', 'static_good_atm', 'good_atm_gallery', 98, 76, '', 'placeholders/placeholder_230_170_808080.jpg', 'secondary', 'secondary', 16, 0, 0, 230, 170, 0, 0, 230, 170),
(273, '', 'small', 'atm_pict', 'static_good_atm', 'good_atm_gallery', 98, 76, '', 'placeholders/placeholder_170_110_808080.jpg', 'icon', 'icon', 16, 0, 0, 170, 110, 0, 0, 170, 110),
(274, '', 'big', 'atm_pict', 'static_good_atm', 'good_atm_gallery', 99, 77, '', 'placeholders/placeholder_470_310_808080.jpg', 'primary', 'primary', 16, 0, 0, 470, 310, 0, 0, 470, 310),
(275, '', 'medium', 'atm_pict', 'static_good_atm', 'good_atm_gallery', 99, 77, '', 'placeholders/placeholder_230_170_808080.jpg', 'secondary', 'secondary', 16, 0, 0, 230, 170, 0, 0, 230, 170),
(276, '', 'small', 'atm_pict', 'static_good_atm', 'good_atm_gallery', 99, 77, '', 'placeholders/placeholder_170_110_808080.jpg', 'icon', 'icon', 16, 0, 0, 170, 110, 0, 0, 170, 110),
(277, '', 'big', 'atm_pict', 'static_good_atm', 'good_atm_gallery', 96, 74, '', 'crops/good_atm_gallery_atm_pict_96_big.jpg', 'primary', 'primary', 17, -18, 0, 452, 310, -18, 0, 452, 310),
(278, '', 'big', 'atm_pict', 'static_good_atm', 'good_atm_gallery', 97, 75, '', 'crops/good_atm_gallery_atm_pict_97_big.jpg', 'primary', 'primary', 16, 6, 0, 476, 310, 5, 0, 475, 310),
(279, '', 'medium', 'atm_pict', 'static_good_atm', 'good_atm_gallery', 96, 74, '', 'crops/good_atm_gallery_atm_pict_96_medium.jpg', 'secondary', 'secondary', 17, 4, 0, 234, 170, 4, 0, 234, 170),
(280, '', 'big', 'atm_pict', 'static_good_atm', 'good_atm_gallery', 95, 73, '', 'crops/good_atm_gallery_atm_pict_95_big.jpg', 'primary', 'primary', 20, 6, 0, 476, 310, 5, 0, 475, 310),
(281, '', 'medium', 'atm_pict', 'static_good_atm', 'good_atm_gallery', 97, 75, '', 'crops/good_atm_gallery_atm_pict_97_medium.jpg', 'secondary', 'secondary', 16, 17, 0, 247, 170, 17, 0, 247, 170),
(282, '', 'small', 'atm_pict', 'static_good_atm', 'good_atm_gallery', 96, 74, '', 'crops/good_atm_gallery_atm_pict_96_small.jpg', 'icon', 'icon', 17, -8, 0, 162, 110, -8, 0, 162, 110),
(283, '', 'medium', 'atm_pict', 'static_good_atm', 'good_atm_gallery', 95, 73, '', 'crops/good_atm_gallery_atm_pict_95_medium.jpg', 'secondary', 'secondary', 20, 17, 0, 247, 170, 17, 0, 247, 170),
(284, '', 'small', 'atm_pict', 'static_good_atm', 'good_atm_gallery', 97, 75, '', 'crops/good_atm_gallery_atm_pict_97_small.jpg', 'icon', 'icon', 16, 1, 0, 171, 110, 0, 0, 170, 110),
(285, '', 'small', 'atm_pict', 'static_good_atm', 'good_atm_gallery', 95, 73, '', 'crops/good_atm_gallery_atm_pict_95_small.jpg', 'icon', 'icon', 20, 1, 0, 171, 110, 0, 0, 170, 110),
(286, '', 'big', 'atm_pict', 'static_good_atm', 'good_atm_gallery', 98, 76, '', 'crops/good_atm_gallery_atm_pict_98_big.jpg', 'primary', 'primary', 16, 6, 0, 476, 310, 5, 0, 475, 310),
(287, '', 'big', 'atm_pict', 'static_good_atm', 'good_atm_gallery', 99, 77, '', 'crops/good_atm_gallery_atm_pict_99_big.jpg', 'primary', 'primary', 16, 6, 0, 476, 310, 5, 0, 475, 310),
(288, '', 'medium', 'atm_pict', 'static_good_atm', 'good_atm_gallery', 99, 77, '', 'crops/good_atm_gallery_atm_pict_99_medium.jpg', 'secondary', 'secondary', 16, 17, 0, 247, 170, 17, 0, 247, 170),
(289, '', 'medium', 'atm_pict', 'static_good_atm', 'good_atm_gallery', 98, 76, '', 'crops/good_atm_gallery_atm_pict_98_medium.jpg', 'secondary', 'secondary', 16, 17, 0, 247, 170, 17, 0, 247, 170),
(290, '', 'small', 'atm_pict', 'static_good_atm', 'good_atm_gallery', 99, 77, '', 'crops/good_atm_gallery_atm_pict_99_small.jpg', 'icon', 'icon', 16, 1, 0, 171, 110, 0, 0, 170, 110),
(291, '', 'small', 'atm_pict', 'static_good_atm', 'good_atm_gallery', 98, 76, '', 'crops/good_atm_gallery_atm_pict_98_small.jpg', 'icon', 'icon', 16, 1, 0, 171, 110, 0, 0, 170, 110),
(292, '', 'big', 'atm_pict', 'static_good_atm', 'good_atm_gallery', 100, 78, '', 'placeholders/placeholder_470_310_808080.jpg', 'primary', 'primary', 10, 0, 0, 470, 310, 0, 0, 470, 310),
(293, '', 'medium', 'atm_pict', 'static_good_atm', 'good_atm_gallery', 100, 78, '', 'placeholders/placeholder_230_170_808080.jpg', 'secondary', 'secondary', 10, 0, 0, 230, 170, 0, 0, 230, 170),
(294, '', 'small', 'atm_pict', 'static_good_atm', 'good_atm_gallery', 100, 78, '', 'placeholders/placeholder_170_110_808080.jpg', 'icon', 'icon', 10, 0, 0, 170, 110, 0, 0, 170, 110),
(295, '', 'big', 'atm_pict', 'static_good_atm', 'good_atm_gallery', 101, 79, '', 'placeholders/placeholder_470_310_808080.jpg', 'primary', 'primary', 10, 0, 0, 470, 310, 0, 0, 470, 310),
(296, '', 'medium', 'atm_pict', 'static_good_atm', 'good_atm_gallery', 101, 79, '', 'placeholders/placeholder_230_170_808080.jpg', 'secondary', 'secondary', 10, 0, 0, 230, 170, 0, 0, 230, 170),
(297, '', 'small', 'atm_pict', 'static_good_atm', 'good_atm_gallery', 101, 79, '', 'placeholders/placeholder_170_110_808080.jpg', 'icon', 'icon', 10, 0, 0, 170, 110, 0, 0, 170, 110),
(298, '', 'big', 'atm_pict', 'static_good_atm', 'good_atm_gallery', 100, 78, '', 'crops/good_atm_gallery_atm_pict_100_big.jpg', 'primary', 'primary', 10, -29, 0, 442, 310, -29, 0, 441, 310),
(299, '', 'big', 'atm_pict', 'static_good_atm', 'good_atm_gallery', 101, 79, '', 'crops/good_atm_gallery_atm_pict_101_big.jpg', 'primary', 'primary', 10, -29, 0, 442, 310, -29, 0, 441, 310),
(300, '', 'medium', 'atm_pict', 'static_good_atm', 'good_atm_gallery', 100, 78, '', 'crops/good_atm_gallery_atm_pict_100_medium.jpg', 'secondary', 'secondary', 10, -2, 0, 229, 170, -2, 0, 228, 170),
(301, '', 'medium', 'atm_pict', 'static_good_atm', 'good_atm_gallery', 101, 79, '', 'crops/good_atm_gallery_atm_pict_101_medium.jpg', 'secondary', 'secondary', 10, -2, 0, 229, 170, -2, 0, 228, 170),
(302, '', 'small', 'atm_pict', 'static_good_atm', 'good_atm_gallery', 100, 78, '', 'crops/good_atm_gallery_atm_pict_100_small.jpg', 'icon', 'icon', 10, -12, 0, 159, 110, -12, 0, 158, 110),
(303, '', 'small', 'atm_pict', 'static_good_atm', 'good_atm_gallery', 101, 79, '', 'crops/good_atm_gallery_atm_pict_101_small.jpg', 'icon', 'icon', 10, -12, 0, 159, 110, -12, 0, 158, 110),
(304, '', 'big', 'atm_pict', 'static_good_atm', 'good_atm_gallery', 102, 80, '', 'placeholders/placeholder_470_310_808080.jpg', 'primary', 'primary', 10, 0, 0, 470, 310, 0, 0, 470, 310),
(305, '', 'medium', 'atm_pict', 'static_good_atm', 'good_atm_gallery', 102, 80, '', 'placeholders/placeholder_230_170_808080.jpg', 'secondary', 'secondary', 10, 0, 0, 230, 170, 0, 0, 230, 170),
(306, '', 'small', 'atm_pict', 'static_good_atm', 'good_atm_gallery', 102, 80, '', 'placeholders/placeholder_170_110_808080.jpg', 'icon', 'icon', 10, 0, 0, 170, 110, 0, 0, 170, 110),
(307, '', 'big', 'atm_pict', 'static_good_atm', 'good_atm_gallery', 103, 81, '', 'placeholders/placeholder_470_310_808080.jpg', 'primary', 'primary', 10, 0, 0, 470, 310, 0, 0, 470, 310),
(308, '', 'medium', 'atm_pict', 'static_good_atm', 'good_atm_gallery', 103, 81, '', 'placeholders/placeholder_230_170_808080.jpg', 'secondary', 'secondary', 10, 0, 0, 230, 170, 0, 0, 230, 170),
(309, '', 'small', 'atm_pict', 'static_good_atm', 'good_atm_gallery', 103, 81, '', 'placeholders/placeholder_170_110_808080.jpg', 'icon', 'icon', 10, 0, 0, 170, 110, 0, 0, 170, 110),
(310, '', 'big', 'atm_pict', 'static_good_atm', 'good_atm_gallery', 104, 82, '', 'placeholders/placeholder_470_310_808080.jpg', 'primary', 'primary', 10, 0, 0, 470, 310, 0, 0, 470, 310),
(311, '', 'medium', 'atm_pict', 'static_good_atm', 'good_atm_gallery', 104, 82, '', 'placeholders/placeholder_230_170_808080.jpg', 'secondary', 'secondary', 10, 0, 0, 230, 170, 0, 0, 230, 170),
(312, '', 'small', 'atm_pict', 'static_good_atm', 'good_atm_gallery', 104, 82, '', 'placeholders/placeholder_170_110_808080.jpg', 'icon', 'icon', 10, 0, 0, 170, 110, 0, 0, 170, 110),
(313, '', 'big', 'atm_pict', 'static_good_atm', 'good_atm_gallery', 105, 83, '', 'placeholders/placeholder_470_310_808080.jpg', 'primary', 'primary', 10, 0, 0, 470, 310, 0, 0, 470, 310),
(314, '', 'medium', 'atm_pict', 'static_good_atm', 'good_atm_gallery', 105, 83, '', 'placeholders/placeholder_230_170_808080.jpg', 'secondary', 'secondary', 10, 0, 0, 230, 170, 0, 0, 230, 170),
(315, '', 'small', 'atm_pict', 'static_good_atm', 'good_atm_gallery', 105, 83, '', 'placeholders/placeholder_170_110_808080.jpg', 'icon', 'icon', 10, 0, 0, 170, 110, 0, 0, 170, 110),
(316, '', 'big', 'atm_pict', 'static_good_atm', 'good_atm_gallery', 106, 84, '', 'placeholders/placeholder_470_310_808080.jpg', 'primary', 'primary', 10, 0, 0, 470, 310, 0, 0, 470, 310),
(317, '', 'medium', 'atm_pict', 'static_good_atm', 'good_atm_gallery', 106, 84, '', 'placeholders/placeholder_230_170_808080.jpg', 'secondary', 'secondary', 10, 0, 0, 230, 170, 0, 0, 230, 170),
(318, '', 'small', 'atm_pict', 'static_good_atm', 'good_atm_gallery', 106, 84, '', 'placeholders/placeholder_170_110_808080.jpg', 'icon', 'icon', 10, 0, 0, 170, 110, 0, 0, 170, 110),
(319, '', 'big', 'atm_pict', 'static_good_atm', 'good_atm_gallery', 107, 85, '', 'placeholders/placeholder_470_310_808080.jpg', 'primary', 'primary', 10, 0, 0, 470, 310, 0, 0, 470, 310),
(320, '', 'medium', 'atm_pict', 'static_good_atm', 'good_atm_gallery', 107, 85, '', 'placeholders/placeholder_230_170_808080.jpg', 'secondary', 'secondary', 10, 0, 0, 230, 170, 0, 0, 230, 170),
(321, '', 'small', 'atm_pict', 'static_good_atm', 'good_atm_gallery', 107, 85, '', 'placeholders/placeholder_170_110_808080.jpg', 'icon', 'icon', 10, 0, 0, 170, 110, 0, 0, 170, 110),
(322, '', 'big', 'atm_pict', 'static_good_atm', 'good_atm_gallery', 108, 86, '', 'placeholders/placeholder_470_310_808080.jpg', 'primary', 'primary', 10, 0, 0, 470, 310, 0, 0, 470, 310),
(323, '', 'medium', 'atm_pict', 'static_good_atm', 'good_atm_gallery', 108, 86, '', 'placeholders/placeholder_230_170_808080.jpg', 'secondary', 'secondary', 10, 0, 0, 230, 170, 0, 0, 230, 170),
(324, '', 'small', 'atm_pict', 'static_good_atm', 'good_atm_gallery', 108, 86, '', 'placeholders/placeholder_170_110_808080.jpg', 'icon', 'icon', 10, 0, 0, 170, 110, 0, 0, 170, 110),
(325, '', 'big', 'atm_pict', 'static_good_atm', 'good_atm_gallery', 109, 87, '', 'placeholders/placeholder_470_310_808080.jpg', 'primary', 'primary', 10, 0, 0, 470, 310, 0, 0, 470, 310),
(326, '', 'medium', 'atm_pict', 'static_good_atm', 'good_atm_gallery', 109, 87, '', 'placeholders/placeholder_230_170_808080.jpg', 'secondary', 'secondary', 10, 0, 0, 230, 170, 0, 0, 230, 170),
(327, '', 'small', 'atm_pict', 'static_good_atm', 'good_atm_gallery', 109, 87, '', 'placeholders/placeholder_170_110_808080.jpg', 'icon', 'icon', 10, 0, 0, 170, 110, 0, 0, 170, 110),
(328, '', 'big', 'atm_pict', 'static_good_atm', 'good_atm_gallery', 110, 88, '', 'placeholders/placeholder_470_310_808080.jpg', 'primary', 'primary', 10, 0, 0, 470, 310, 0, 0, 470, 310),
(329, '', 'medium', 'atm_pict', 'static_good_atm', 'good_atm_gallery', 110, 88, '', 'placeholders/placeholder_230_170_808080.jpg', 'secondary', 'secondary', 10, 0, 0, 230, 170, 0, 0, 230, 170),
(330, '', 'small', 'atm_pict', 'static_good_atm', 'good_atm_gallery', 110, 88, '', 'placeholders/placeholder_170_110_808080.jpg', 'icon', 'icon', 10, 0, 0, 170, 110, 0, 0, 170, 110),
(331, '', 'big', 'atm_pict', 'static_good_atm', 'good_atm_gallery', 111, 89, '', 'placeholders/placeholder_470_310_808080.jpg', 'primary', 'primary', 10, 0, 0, 470, 310, 0, 0, 470, 310),
(332, '', 'medium', 'atm_pict', 'static_good_atm', 'good_atm_gallery', 111, 89, '', 'placeholders/placeholder_230_170_808080.jpg', 'secondary', 'secondary', 10, 0, 0, 230, 170, 0, 0, 230, 170),
(333, '', 'small', 'atm_pict', 'static_good_atm', 'good_atm_gallery', 111, 89, '', 'placeholders/placeholder_170_110_808080.jpg', 'icon', 'icon', 10, 0, 0, 170, 110, 0, 0, 170, 110),
(334, '', 'big', 'atm_pict', 'static_good_atm', 'good_atm_gallery', 112, 90, '', 'placeholders/placeholder_470_310_808080.jpg', 'primary', 'primary', 10, 0, 0, 470, 310, 0, 0, 470, 310),
(335, '', 'medium', 'atm_pict', 'static_good_atm', 'good_atm_gallery', 112, 90, '', 'placeholders/placeholder_230_170_808080.jpg', 'secondary', 'secondary', 10, 0, 0, 230, 170, 0, 0, 230, 170),
(336, '', 'small', 'atm_pict', 'static_good_atm', 'good_atm_gallery', 112, 90, '', 'placeholders/placeholder_170_110_808080.jpg', 'icon', 'icon', 10, 0, 0, 170, 110, 0, 0, 170, 110),
(337, '', 'big', 'atm_pict', 'static_good_atm', 'good_atm_gallery', 113, 91, '', 'placeholders/placeholder_470_310_808080.jpg', 'primary', 'primary', 10, 0, 0, 470, 310, 0, 0, 470, 310),
(338, '', 'medium', 'atm_pict', 'static_good_atm', 'good_atm_gallery', 113, 91, '', 'placeholders/placeholder_230_170_808080.jpg', 'secondary', 'secondary', 10, 0, 0, 230, 170, 0, 0, 230, 170),
(339, '', 'small', 'atm_pict', 'static_good_atm', 'good_atm_gallery', 113, 91, '', 'placeholders/placeholder_170_110_808080.jpg', 'icon', 'icon', 10, 0, 0, 170, 110, 0, 0, 170, 110),
(340, '', 'big', 'atm_pict', 'static_good_atm', 'good_atm_gallery', 114, 92, '', 'placeholders/placeholder_470_310_808080.jpg', 'primary', 'primary', 10, 0, 0, 470, 310, 0, 0, 470, 310),
(341, '', 'medium', 'atm_pict', 'static_good_atm', 'good_atm_gallery', 114, 92, '', 'placeholders/placeholder_230_170_808080.jpg', 'secondary', 'secondary', 10, 0, 0, 230, 170, 0, 0, 230, 170),
(342, '', 'small', 'atm_pict', 'static_good_atm', 'good_atm_gallery', 114, 92, '', 'placeholders/placeholder_170_110_808080.jpg', 'icon', 'icon', 10, 0, 0, 170, 110, 0, 0, 170, 110),
(343, '', 'big', 'atm_pict', 'static_good_atm', 'good_atm_gallery', 115, 93, '', 'placeholders/placeholder_470_310_808080.jpg', 'primary', 'primary', 10, 0, 0, 470, 310, 0, 0, 470, 310),
(344, '', 'medium', 'atm_pict', 'static_good_atm', 'good_atm_gallery', 115, 93, '', 'placeholders/placeholder_230_170_808080.jpg', 'secondary', 'secondary', 10, 0, 0, 230, 170, 0, 0, 230, 170),
(345, '', 'small', 'atm_pict', 'static_good_atm', 'good_atm_gallery', 115, 93, '', 'placeholders/placeholder_170_110_808080.jpg', 'icon', 'icon', 10, 0, 0, 170, 110, 0, 0, 170, 110),
(346, '', 'big', 'atm_pict', 'static_good_atm', 'good_atm_gallery', 116, 94, '', 'placeholders/placeholder_470_310_808080.jpg', 'primary', 'primary', 10, 0, 0, 470, 310, 0, 0, 470, 310),
(347, '', 'medium', 'atm_pict', 'static_good_atm', 'good_atm_gallery', 116, 94, '', 'placeholders/placeholder_230_170_808080.jpg', 'secondary', 'secondary', 10, 0, 0, 230, 170, 0, 0, 230, 170),
(348, '', 'small', 'atm_pict', 'static_good_atm', 'good_atm_gallery', 116, 94, '', 'placeholders/placeholder_170_110_808080.jpg', 'icon', 'icon', 10, 0, 0, 170, 110, 0, 0, 170, 110),
(349, '', 'big', 'atm_pict', 'static_good_atm', 'good_atm_gallery', 117, 95, '', 'placeholders/placeholder_470_310_808080.jpg', 'primary', 'primary', 10, 0, 0, 470, 310, 0, 0, 470, 310),
(350, '', 'medium', 'atm_pict', 'static_good_atm', 'good_atm_gallery', 117, 95, '', 'placeholders/placeholder_230_170_808080.jpg', 'secondary', 'secondary', 10, 0, 0, 230, 170, 0, 0, 230, 170),
(351, '', 'small', 'atm_pict', 'static_good_atm', 'good_atm_gallery', 117, 95, '', 'placeholders/placeholder_170_110_808080.jpg', 'icon', 'icon', 10, 0, 0, 170, 110, 0, 0, 170, 110),
(352, '', 'big', 'atm_pict', 'static_good_atm', 'good_atm_gallery', 103, 81, '', 'crops/good_atm_gallery_atm_pict_103_big.jpg', 'primary', 'primary', 10, -29, 0, 442, 310, -29, 0, 441, 310),
(353, '', 'big', 'atm_pict', 'static_good_atm', 'good_atm_gallery', 102, 80, '', 'crops/good_atm_gallery_atm_pict_102_big.jpg', 'primary', 'primary', 10, -29, 0, 442, 310, -29, 0, 441, 310),
(354, '', 'medium', 'atm_pict', 'static_good_atm', 'good_atm_gallery', 103, 81, '', 'crops/good_atm_gallery_atm_pict_103_medium.jpg', 'secondary', 'secondary', 10, -2, 0, 229, 170, -2, 0, 228, 170),
(355, '', 'medium', 'atm_pict', 'static_good_atm', 'good_atm_gallery', 102, 80, '', 'crops/good_atm_gallery_atm_pict_102_medium.jpg', 'secondary', 'secondary', 10, -2, 0, 229, 170, -2, 0, 228, 170),
(356, '', 'small', 'atm_pict', 'static_good_atm', 'good_atm_gallery', 103, 81, '', 'crops/good_atm_gallery_atm_pict_103_small.jpg', 'icon', 'icon', 10, -12, 0, 159, 110, -12, 0, 158, 110),
(357, '', 'small', 'atm_pict', 'static_good_atm', 'good_atm_gallery', 102, 80, '', 'crops/good_atm_gallery_atm_pict_102_small.jpg', 'icon', 'icon', 10, -12, 0, 159, 110, -12, 0, 158, 110),
(358, '', 'big', 'atm_pict', 'static_good_atm', 'good_atm_gallery', 104, 82, '', 'crops/good_atm_gallery_atm_pict_104_big.jpg', 'primary', 'primary', 10, -29, 0, 442, 310, -29, 0, 441, 310),
(359, '', 'medium', 'atm_pict', 'static_good_atm', 'good_atm_gallery', 104, 82, '', 'crops/good_atm_gallery_atm_pict_104_medium.jpg', 'secondary', 'secondary', 10, -2, 0, 229, 170, -2, 0, 228, 170),
(360, '', 'big', 'atm_pict', 'static_good_atm', 'good_atm_gallery', 105, 83, '', 'crops/good_atm_gallery_atm_pict_105_big.jpg', 'primary', 'primary', 10, -29, 0, 442, 310, -29, 0, 441, 310),
(361, '', 'small', 'atm_pict', 'static_good_atm', 'good_atm_gallery', 104, 82, '', 'crops/good_atm_gallery_atm_pict_104_small.jpg', 'icon', 'icon', 10, -12, 0, 159, 110, -12, 0, 158, 110),
(362, '', 'medium', 'atm_pict', 'static_good_atm', 'good_atm_gallery', 105, 83, '', 'crops/good_atm_gallery_atm_pict_105_medium.jpg', 'secondary', 'secondary', 10, -2, 0, 229, 170, -2, 0, 228, 170),
(363, '', 'big', 'atm_pict', 'static_good_atm', 'good_atm_gallery', 107, 85, '', 'crops/good_atm_gallery_atm_pict_107_big.jpg', 'primary', 'primary', 10, -29, 0, 442, 310, -29, 0, 441, 310),
(364, '', 'big', 'atm_pict', 'static_good_atm', 'good_atm_gallery', 106, 84, '', 'crops/good_atm_gallery_atm_pict_106_big.jpg', 'primary', 'primary', 10, -29, 0, 442, 310, -29, 0, 441, 310),
(365, '', 'small', 'atm_pict', 'static_good_atm', 'good_atm_gallery', 105, 83, '', 'crops/good_atm_gallery_atm_pict_105_small.jpg', 'icon', 'icon', 10, -12, 0, 159, 110, -12, 0, 158, 110),
(366, '', 'medium', 'atm_pict', 'static_good_atm', 'good_atm_gallery', 106, 84, '', 'crops/good_atm_gallery_atm_pict_106_medium.jpg', 'secondary', 'secondary', 10, -2, 0, 229, 170, -2, 0, 228, 170),
(367, '', 'medium', 'atm_pict', 'static_good_atm', 'good_atm_gallery', 107, 85, '', 'crops/good_atm_gallery_atm_pict_107_medium.jpg', 'secondary', 'secondary', 10, -2, 0, 229, 170, -2, 0, 228, 170),
(368, '', 'big', 'atm_pict', 'static_good_atm', 'good_atm_gallery', 108, 86, '', 'crops/good_atm_gallery_atm_pict_108_big.jpg', 'primary', 'primary', 10, -3, 0, 468, 310, -3, 0, 467, 310),
(369, '', 'small', 'atm_pict', 'static_good_atm', 'good_atm_gallery', 106, 84, '', 'crops/good_atm_gallery_atm_pict_106_small.jpg', 'icon', 'icon', 10, -12, 0, 159, 110, -12, 0, 158, 110),
(370, '', 'small', 'atm_pict', 'static_good_atm', 'good_atm_gallery', 107, 85, '', 'crops/good_atm_gallery_atm_pict_107_small.jpg', 'icon', 'icon', 10, -12, 0, 159, 110, -12, 0, 158, 110),
(371, '', 'big', 'atm_pict', 'static_good_atm', 'good_atm_gallery', 109, 87, '', 'crops/good_atm_gallery_atm_pict_109_big.jpg', 'primary', 'primary', 10, -119, 0, 352, 310, -119, 0, 351, 310),
(372, '', 'medium', 'atm_pict', 'static_good_atm', 'good_atm_gallery', 108, 86, '', 'crops/good_atm_gallery_atm_pict_108_medium.jpg', 'secondary', 'secondary', 10, 13, 0, 243, 170, 12, 0, 242, 170),
(373, '', 'small', 'atm_pict', 'static_good_atm', 'good_atm_gallery', 108, 86, '', 'crops/good_atm_gallery_atm_pict_108_small.jpg', 'icon', 'icon', 10, -3, 0, 168, 110, -3, 0, 167, 110),
(374, '', 'medium', 'atm_pict', 'static_good_atm', 'good_atm_gallery', 109, 87, '', 'crops/good_atm_gallery_atm_pict_109_medium.jpg', 'secondary', 'secondary', 10, -51, 0, 179, 170, -51, 0, 179, 170),
(375, '', 'small', 'atm_pict', 'static_good_atm', 'good_atm_gallery', 109, 87, '', 'crops/good_atm_gallery_atm_pict_109_small.jpg', 'icon', 'icon', 10, -44, 0, 127, 110, -44, 0, 126, 110),
(376, '', 'big', 'atm_pict', 'static_good_atm', 'good_atm_gallery', 110, 88, '', 'crops/good_atm_gallery_atm_pict_110_big.jpg', 'primary', 'primary', 10, -132, 0, 338, 310, -132, 0, 338, 310),
(377, '', 'medium', 'atm_pict', 'static_good_atm', 'good_atm_gallery', 110, 88, '', 'crops/good_atm_gallery_atm_pict_110_medium.jpg', 'secondary', 'secondary', 10, -59, 0, 172, 170, -59, 0, 171, 170),
(378, '', 'big', 'atm_pict', 'static_good_atm', 'good_atm_gallery', 111, 89, '', 'crops/good_atm_gallery_atm_pict_111_big.jpg', 'primary', 'primary', 10, -137, 0, 333, 310, -137, 0, 333, 310),
(379, '', 'big', 'atm_pict', 'static_good_atm', 'good_atm_gallery', 112, 90, '', 'crops/good_atm_gallery_atm_pict_112_big.jpg', 'primary', 'primary', 10, -119, 0, 352, 310, -119, 0, 351, 310),
(380, '', 'small', 'atm_pict', 'static_good_atm', 'good_atm_gallery', 110, 88, '', 'crops/good_atm_gallery_atm_pict_110_small.jpg', 'icon', 'icon', 10, -49, 0, 122, 110, -49, 0, 121, 110),
(381, '', 'big', 'atm_pict', 'static_good_atm', 'good_atm_gallery', 113, 91, '', 'crops/good_atm_gallery_atm_pict_113_big.jpg', 'primary', 'primary', 10, -119, 0, 352, 310, -119, 0, 351, 310),
(382, '', 'medium', 'atm_pict', 'static_good_atm', 'good_atm_gallery', 111, 89, '', 'crops/good_atm_gallery_atm_pict_111_medium.jpg', 'secondary', 'secondary', 10, -61, 0, 169, 170, -61, 0, 169, 170),
(383, '', 'medium', 'atm_pict', 'static_good_atm', 'good_atm_gallery', 112, 90, '', 'crops/good_atm_gallery_atm_pict_112_medium.jpg', 'secondary', 'secondary', 10, -51, 0, 179, 170, -51, 0, 179, 170),
(384, '', 'medium', 'atm_pict', 'static_good_atm', 'good_atm_gallery', 113, 91, '', 'crops/good_atm_gallery_atm_pict_113_medium.jpg', 'secondary', 'secondary', 10, -51, 0, 179, 170, -51, 0, 179, 170),
(385, '', 'big', 'atm_pict', 'static_good_atm', 'good_atm_gallery', 114, 92, '', 'crops/good_atm_gallery_atm_pict_114_big.jpg', 'primary', 'primary', 10, -119, 0, 352, 310, -119, 0, 351, 310),
(386, '', 'small', 'atm_pict', 'static_good_atm', 'good_atm_gallery', 111, 89, '', 'crops/good_atm_gallery_atm_pict_111_small.jpg', 'icon', 'icon', 10, -50, 0, 120, 110, -50, 0, 120, 110),
(387, '', 'small', 'atm_pict', 'static_good_atm', 'good_atm_gallery', 112, 90, '', 'crops/good_atm_gallery_atm_pict_112_small.jpg', 'icon', 'icon', 10, -44, 0, 127, 110, -44, 0, 126, 110),
(388, '', 'small', 'atm_pict', 'static_good_atm', 'good_atm_gallery', 113, 91, '', 'crops/good_atm_gallery_atm_pict_113_small.jpg', 'icon', 'icon', 10, -44, 0, 127, 110, -44, 0, 126, 110),
(389, '', 'medium', 'atm_pict', 'static_good_atm', 'good_atm_gallery', 114, 92, '', 'crops/good_atm_gallery_atm_pict_114_medium.jpg', 'secondary', 'secondary', 10, -51, 0, 179, 170, -51, 0, 179, 170),
(390, '', 'small', 'atm_pict', 'static_good_atm', 'good_atm_gallery', 114, 92, '', 'crops/good_atm_gallery_atm_pict_114_small.jpg', 'icon', 'icon', 10, -44, 0, 127, 110, -44, 0, 126, 110),
(391, '', 'big', 'atm_pict', 'static_good_atm', 'good_atm_gallery', 115, 93, '', 'crops/good_atm_gallery_atm_pict_115_big.jpg', 'primary', 'primary', 10, -119, 0, 352, 310, -119, 0, 351, 310),
(392, '', 'medium', 'atm_pict', 'static_good_atm', 'good_atm_gallery', 115, 93, '', 'crops/good_atm_gallery_atm_pict_115_medium.jpg', 'secondary', 'secondary', 10, -51, 0, 179, 170, -51, 0, 179, 170),
(393, '', 'small', 'atm_pict', 'static_good_atm', 'good_atm_gallery', 115, 93, '', 'crops/good_atm_gallery_atm_pict_115_small.jpg', 'icon', 'icon', 10, -44, 0, 127, 110, -44, 0, 126, 110),
(394, '', 'big', 'atm_pict', 'static_good_atm', 'good_atm_gallery', 116, 94, '', 'crops/good_atm_gallery_atm_pict_116_big.jpg', 'primary', 'primary', 10, -142, 0, 328, 310, -142, 0, 328, 310),
(395, '', 'medium', 'atm_pict', 'static_good_atm', 'good_atm_gallery', 116, 94, '', 'crops/good_atm_gallery_atm_pict_116_medium.jpg', 'secondary', 'secondary', 10, -64, 0, 166, 170, -64, 0, 166, 170),
(396, '', 'big', 'atm_pict', 'static_good_atm', 'good_atm_gallery', 117, 95, '', 'crops/good_atm_gallery_atm_pict_117_big.jpg', 'primary', 'primary', 10, -142, 0, 328, 310, -142, 0, 328, 310),
(397, '', 'small', 'atm_pict', 'static_good_atm', 'good_atm_gallery', 116, 94, '', 'crops/good_atm_gallery_atm_pict_116_small.jpg', 'icon', 'icon', 10, -52, 0, 118, 110, -52, 0, 118, 110),
(398, '', 'medium', 'atm_pict', 'static_good_atm', 'good_atm_gallery', 117, 95, '', 'crops/good_atm_gallery_atm_pict_117_medium.jpg', 'secondary', 'secondary', 10, -64, 0, 166, 170, -64, 0, 166, 170);
INSERT INTO `crops` (`id`, `value`, `name`, `image_name`, `block_name`, `group_name`, `group_id`, `image_id`, `alt`, `link`, `man_sufix`, `target_sufix`, `cache_index`, `man_x1`, `man_y1`, `man_x2`, `man_y2`, `target_x1`, `target_y1`, `target_x2`, `target_y2`) VALUES
(399, '', 'small', 'atm_pict', 'static_good_atm', 'good_atm_gallery', 117, 95, '', 'crops/good_atm_gallery_atm_pict_117_small.jpg', 'icon', 'icon', 10, -52, 0, 118, 110, -52, 0, 118, 110),
(400, '', 'big', 'program_gallery_pict', 'dom_upgrade', 'program_gallery', 123, 100, '', 'crops/program_gallery_program_gallery_pict_123_big.jpg', 'primary', 'primary', 33, 0, 0, 490, 365, 0, 0, 490, 365),
(401, '', 'medium', 'program_gallery_pict', 'dom_upgrade', 'program_gallery', 123, 100, '', 'crops/program_gallery_program_gallery_pict_123_medium.jpg', 'secondary', 'secondary', 33, 0, 0, 230, 170, 0, 0, 230, 170),
(402, '', 'small', 'program_gallery_pict', 'dom_upgrade', 'program_gallery', 123, 100, '', 'crops/program_gallery_program_gallery_pict_123_small.jpg', 'icon', 'icon', 33, 0, 0, 170, 110, 0, 0, 170, 110),
(403, '', 'big', 'program_gallery_pict', 'dom_upgrade', 'program_gallery', 124, 101, '', 'crops/program_gallery_program_gallery_pict_124_big.jpg', 'primary', 'primary', 33, 0, 0, 490, 365, 0, 0, 490, 365),
(404, '', 'medium', 'program_gallery_pict', 'dom_upgrade', 'program_gallery', 124, 101, '', 'crops/program_gallery_program_gallery_pict_124_medium.jpg', 'secondary', 'secondary', 33, 0, 0, 230, 170, 0, 0, 230, 170),
(405, '', 'small', 'program_gallery_pict', 'dom_upgrade', 'program_gallery', 124, 101, '', 'crops/program_gallery_program_gallery_pict_124_small.jpg', 'icon', 'icon', 33, 0, 0, 170, 110, 0, 0, 170, 110),
(406, '', 'big', 'program_gallery_pict', 'dom_upgrade', 'program_gallery', 125, 102, '', 'crops/program_gallery_program_gallery_pict_125_big.jpg', 'primary', 'primary', 34, 0, 0, 490, 365, 0, 0, 490, 365),
(407, '', 'medium', 'program_gallery_pict', 'dom_upgrade', 'program_gallery', 125, 102, '', 'crops/program_gallery_program_gallery_pict_125_medium.jpg', 'secondary', 'secondary', 34, 0, 0, 230, 170, 0, 0, 230, 170),
(408, '', 'small', 'program_gallery_pict', 'dom_upgrade', 'program_gallery', 125, 102, '', 'crops/program_gallery_program_gallery_pict_125_small.jpg', 'icon', 'icon', 34, 0, 0, 170, 110, 0, 0, 170, 110),
(409, '', 'big', 'program_gallery_pict', 'dom_upgrade', 'program_gallery', 126, 103, '', 'crops/program_gallery_program_gallery_pict_126_big.jpg', 'primary', 'primary', 33, 0, 0, 490, 365, 0, 0, 490, 365),
(410, '', 'medium', 'program_gallery_pict', 'dom_upgrade', 'program_gallery', 126, 103, '', 'crops/program_gallery_program_gallery_pict_126_medium.jpg', 'secondary', 'secondary', 33, 0, 0, 230, 170, 0, 0, 230, 170),
(411, '', 'small', 'program_gallery_pict', 'dom_upgrade', 'program_gallery', 126, 103, '', 'crops/program_gallery_program_gallery_pict_126_small.jpg', 'icon', 'icon', 33, 0, 0, 170, 110, 0, 0, 170, 110),
(412, '', 'big', 'program_gallery_pict', 'dom_upgrade', 'program_gallery', 127, 104, '', 'crops/program_gallery_program_gallery_pict_127_big.jpg', 'primary', 'primary', 31, 0, 0, 490, 365, 0, 0, 490, 365),
(413, '', 'medium', 'program_gallery_pict', 'dom_upgrade', 'program_gallery', 127, 104, '', 'crops/program_gallery_program_gallery_pict_127_medium.jpg', 'secondary', 'secondary', 31, 0, 0, 230, 170, 0, 0, 230, 170),
(414, '', 'small', 'program_gallery_pict', 'dom_upgrade', 'program_gallery', 127, 104, '', 'crops/program_gallery_program_gallery_pict_127_small.jpg', 'icon', 'icon', 31, 0, 0, 170, 110, 0, 0, 170, 110),
(415, '', 'big', 'program_gallery_pict', 'dom_upgrade', 'program_gallery', 123, 100, '', 'crops/program_gallery_program_gallery_pict_123_big.jpg', 'primary', 'primary', 32, 29, 0, 519, 365, 29, 0, 519, 365),
(416, '', 'big', 'program_gallery_pict', 'dom_upgrade', 'program_gallery', 126, 103, '', 'crops/program_gallery_program_gallery_pict_126_big.jpg', 'primary', 'primary', 32, 37, 0, 527, 365, 37, 0, 527, 365),
(417, '', 'big', 'program_gallery_pict', 'dom_upgrade', 'program_gallery', 127, 104, '', 'crops/program_gallery_program_gallery_pict_127_big.jpg', 'primary', 'primary', 30, 29, 0, 519, 365, 29, 0, 519, 365),
(418, '', 'big', 'program_gallery_pict', 'dom_upgrade', 'program_gallery', 125, 102, '', 'crops/program_gallery_program_gallery_pict_125_big.jpg', 'primary', 'primary', 33, 38, 0, 528, 365, 38, 0, 528, 365),
(419, '', 'big', 'program_gallery_pict', 'dom_upgrade', 'program_gallery', 124, 101, '', 'crops/program_gallery_program_gallery_pict_124_big.jpg', 'primary', 'primary', 32, 38, 0, 528, 365, 38, 0, 528, 365),
(420, '', 'medium', 'program_gallery_pict', 'dom_upgrade', 'program_gallery', 123, 100, '', 'crops/program_gallery_program_gallery_pict_123_medium.jpg', 'secondary', 'secondary', 32, 13, 0, 243, 170, 12, 0, 242, 170),
(421, '', 'medium', 'program_gallery_pict', 'dom_upgrade', 'program_gallery', 127, 104, '', 'crops/program_gallery_program_gallery_pict_127_medium.jpg', 'secondary', 'secondary', 30, 13, 0, 243, 170, 12, 0, 242, 170),
(422, '', 'medium', 'program_gallery_pict', 'dom_upgrade', 'program_gallery', 126, 103, '', 'crops/program_gallery_program_gallery_pict_126_medium.jpg', 'secondary', 'secondary', 32, 17, 0, 247, 170, 16, 0, 246, 170),
(423, '', 'medium', 'program_gallery_pict', 'dom_upgrade', 'program_gallery', 125, 102, '', 'crops/program_gallery_program_gallery_pict_125_medium.jpg', 'secondary', 'secondary', 33, 17, 0, 247, 170, 17, 0, 247, 170),
(424, '', 'medium', 'program_gallery_pict', 'dom_upgrade', 'program_gallery', 124, 101, '', 'crops/program_gallery_program_gallery_pict_124_medium.jpg', 'secondary', 'secondary', 32, 17, 0, 247, 170, 17, 0, 247, 170),
(425, '', 'small', 'program_gallery_pict', 'dom_upgrade', 'program_gallery', 123, 100, '', 'crops/program_gallery_program_gallery_pict_123_small.jpg', 'icon', 'icon', 32, -3, 0, 168, 110, -3, 0, 167, 110),
(426, '', 'small', 'program_gallery_pict', 'dom_upgrade', 'program_gallery', 126, 103, '', 'crops/program_gallery_program_gallery_pict_126_small.jpg', 'icon', 'icon', 32, 0, 0, 170, 110, 0, 0, 170, 110),
(427, '', 'small', 'program_gallery_pict', 'dom_upgrade', 'program_gallery', 127, 104, '', 'crops/program_gallery_program_gallery_pict_127_small.jpg', 'icon', 'icon', 30, -3, 0, 168, 110, -3, 0, 167, 110),
(428, '', 'small', 'program_gallery_pict', 'dom_upgrade', 'program_gallery', 125, 102, '', 'crops/program_gallery_program_gallery_pict_125_small.jpg', 'icon', 'icon', 33, 1, 0, 171, 110, 0, 0, 170, 110),
(429, '', 'small', 'program_gallery_pict', 'dom_upgrade', 'program_gallery', 124, 101, '', 'crops/program_gallery_program_gallery_pict_124_small.jpg', 'icon', 'icon', 32, 1, 0, 171, 110, 0, 0, 170, 110),
(478, '', 'big', 'program_gallery_pict', 'dom_upgrade', 'program_gallery', 136, 113, '', 'crops/program_gallery_program_gallery_pict_136_big.jpg', 'primary', 'primary', 30, 0, 0, 490, 365, 0, 0, 490, 365),
(479, '', 'medium', 'program_gallery_pict', 'dom_upgrade', 'program_gallery', 136, 113, '', 'crops/program_gallery_program_gallery_pict_136_medium.jpg', 'secondary', 'secondary', 30, 0, 0, 230, 170, 0, 0, 230, 170),
(480, '', 'small', 'program_gallery_pict', 'dom_upgrade', 'program_gallery', 136, 113, '', 'crops/program_gallery_program_gallery_pict_136_small.jpg', 'icon', 'icon', 30, 0, 0, 170, 110, 0, 0, 170, 110),
(481, '', 'big', 'program_gallery_pict', 'dom_upgrade', 'program_gallery', 137, 114, '', 'crops/program_gallery_program_gallery_pict_137_big.jpg', 'primary', 'primary', 30, 0, 0, 490, 365, 0, 0, 490, 365),
(482, '', 'medium', 'program_gallery_pict', 'dom_upgrade', 'program_gallery', 137, 114, '', 'crops/program_gallery_program_gallery_pict_137_medium.jpg', 'secondary', 'secondary', 30, 0, 0, 230, 170, 0, 0, 230, 170),
(483, '', 'small', 'program_gallery_pict', 'dom_upgrade', 'program_gallery', 137, 114, '', 'crops/program_gallery_program_gallery_pict_137_small.jpg', 'icon', 'icon', 30, 0, 0, 170, 110, 0, 0, 170, 110),
(484, '', 'big', 'program_gallery_pict', 'dom_upgrade', 'program_gallery', 138, 115, '', 'crops/program_gallery_program_gallery_pict_138_big.jpg', 'primary', 'primary', 29, 0, 0, 490, 365, 0, 0, 490, 365),
(485, '', 'medium', 'program_gallery_pict', 'dom_upgrade', 'program_gallery', 138, 115, '', 'crops/program_gallery_program_gallery_pict_138_medium.jpg', 'secondary', 'secondary', 29, 0, 0, 230, 170, 0, 0, 230, 170),
(486, '', 'small', 'program_gallery_pict', 'dom_upgrade', 'program_gallery', 138, 115, '', 'crops/program_gallery_program_gallery_pict_138_small.jpg', 'icon', 'icon', 29, 0, 0, 170, 110, 0, 0, 170, 110),
(487, '', 'big', 'program_gallery_pict', 'dom_upgrade', 'program_gallery', 139, 116, '', 'crops/program_gallery_program_gallery_pict_139_big.jpg', 'primary', 'primary', 29, 0, 0, 490, 365, 0, 0, 490, 365),
(488, '', 'medium', 'program_gallery_pict', 'dom_upgrade', 'program_gallery', 139, 116, '', 'crops/program_gallery_program_gallery_pict_139_medium.jpg', 'secondary', 'secondary', 29, 0, 0, 230, 170, 0, 0, 230, 170),
(489, '', 'small', 'program_gallery_pict', 'dom_upgrade', 'program_gallery', 139, 116, '', 'crops/program_gallery_program_gallery_pict_139_small.jpg', 'icon', 'icon', 29, 0, 0, 170, 110, 0, 0, 170, 110),
(490, '', 'big', 'program_gallery_pict', 'dom_upgrade', 'program_gallery', 140, 117, '', 'crops/program_gallery_program_gallery_pict_140_big.jpg', 'primary', 'primary', 29, 0, 0, 490, 365, 0, 0, 490, 365),
(491, '', 'medium', 'program_gallery_pict', 'dom_upgrade', 'program_gallery', 140, 117, '', 'crops/program_gallery_program_gallery_pict_140_medium.jpg', 'secondary', 'secondary', 29, 0, 0, 230, 170, 0, 0, 230, 170),
(492, '', 'small', 'program_gallery_pict', 'dom_upgrade', 'program_gallery', 140, 117, '', 'crops/program_gallery_program_gallery_pict_140_small.jpg', 'icon', 'icon', 29, 0, 0, 170, 110, 0, 0, 170, 110),
(493, '', 'big', 'program_gallery_pict', 'dom_upgrade', 'program_gallery', 136, 113, '', 'crops/program_gallery_program_gallery_pict_136_big.jpg', 'primary', 'primary', 29, 0, 0, 490, 365, 0, 0, 490, 365),
(494, '', 'big', 'program_gallery_pict', 'dom_upgrade', 'program_gallery', 137, 114, '', 'crops/program_gallery_program_gallery_pict_137_big.jpg', 'primary', 'primary', 29, 2, 0, 492, 365, 2, 0, 492, 365),
(495, '', 'medium', 'program_gallery_pict', 'dom_upgrade', 'program_gallery', 136, 113, '', 'crops/program_gallery_program_gallery_pict_136_medium.jpg', 'secondary', 'secondary', 29, -1, 0, 229, 170, -1, 0, 229, 170),
(496, '', 'medium', 'program_gallery_pict', 'dom_upgrade', 'program_gallery', 137, 114, '', 'crops/program_gallery_program_gallery_pict_137_medium.jpg', 'secondary', 'secondary', 29, 0, 0, 230, 170, 0, 0, 230, 170),
(497, '', 'small', 'program_gallery_pict', 'dom_upgrade', 'program_gallery', 136, 113, '', 'crops/program_gallery_program_gallery_pict_136_small.jpg', 'icon', 'icon', 29, -11, 0, 159, 110, -11, 0, 159, 110),
(498, '', 'small', 'program_gallery_pict', 'dom_upgrade', 'program_gallery', 137, 114, '', 'crops/program_gallery_program_gallery_pict_137_small.jpg', 'icon', 'icon', 29, -11, 0, 160, 110, -11, 0, 159, 110),
(499, '', 'big', 'program_gallery_pict', 'dom_upgrade', 'program_gallery', 139, 116, '', 'crops/program_gallery_program_gallery_pict_139_big.jpg', 'primary', 'primary', 28, 37, 0, 527, 365, 37, 0, 527, 365),
(500, '', 'big', 'program_gallery_pict', 'dom_upgrade', 'program_gallery', 138, 115, '', 'crops/program_gallery_program_gallery_pict_138_big.jpg', 'primary', 'primary', 28, 37, 0, 527, 365, 37, 0, 527, 365),
(501, '', 'big', 'program_gallery_pict', 'dom_upgrade', 'program_gallery', 140, 117, '', 'crops/program_gallery_program_gallery_pict_140_big.jpg', 'primary', 'primary', 28, 2, 0, 492, 365, 2, 0, 492, 365),
(502, '', 'medium', 'program_gallery_pict', 'dom_upgrade', 'program_gallery', 139, 116, '', 'crops/program_gallery_program_gallery_pict_139_medium.jpg', 'secondary', 'secondary', 28, 17, 0, 247, 170, 16, 0, 246, 170),
(503, '', 'medium', 'program_gallery_pict', 'dom_upgrade', 'program_gallery', 138, 115, '', 'crops/program_gallery_program_gallery_pict_138_medium.jpg', 'secondary', 'secondary', 28, 17, 0, 247, 170, 16, 0, 246, 170),
(504, '', 'small', 'program_gallery_pict', 'dom_upgrade', 'program_gallery', 139, 116, '', 'crops/program_gallery_program_gallery_pict_139_small.jpg', 'icon', 'icon', 28, 0, 0, 170, 110, 0, 0, 170, 110),
(505, '', 'medium', 'program_gallery_pict', 'dom_upgrade', 'program_gallery', 140, 117, '', 'crops/program_gallery_program_gallery_pict_140_medium.jpg', 'secondary', 'secondary', 28, 0, 0, 230, 170, 0, 0, 230, 170),
(506, '', 'small', 'program_gallery_pict', 'dom_upgrade', 'program_gallery', 138, 115, '', 'crops/program_gallery_program_gallery_pict_138_small.jpg', 'icon', 'icon', 28, 0, 0, 170, 110, 0, 0, 170, 110),
(507, '', 'small', 'program_gallery_pict', 'dom_upgrade', 'program_gallery', 140, 117, '', 'crops/program_gallery_program_gallery_pict_140_small.jpg', 'icon', 'icon', 28, -11, 0, 160, 110, -11, 0, 159, 110),
(589, '', 'big', 'program_gallery_pict', 'dom_target_upgrade', 'program_gall', 155, 132, '', 'crops/program_gall_program_gallery_pict_155_big.png', 'primary', 'primary', 12, 0, 0, 490, 365, 0, 0, 490, 365),
(590, '', 'medium', 'program_gallery_pict', 'dom_target_upgrade', 'program_gall', 155, 132, '', 'crops/program_gall_program_gallery_pict_155_medium.png', 'secondary', 'secondary', 12, 0, 0, 230, 170, 0, 0, 230, 170),
(591, '', 'small', 'program_gallery_pict', 'dom_target_upgrade', 'program_gall', 155, 132, '', 'crops/program_gall_program_gallery_pict_155_small.png', 'icon', 'icon', 12, 0, 0, 170, 110, 0, 0, 170, 110),
(592, '', 'big', 'program_gallery_pict', 'dom_target_upgrade', 'program_gall', 156, 133, '', 'crops/program_gall_program_gallery_pict_156_big.jpg', 'primary', 'primary', 12, 0, 0, 490, 365, 0, 0, 490, 365),
(593, '', 'medium', 'program_gallery_pict', 'dom_target_upgrade', 'program_gall', 156, 133, '', 'crops/program_gall_program_gallery_pict_156_medium.jpg', 'secondary', 'secondary', 12, 0, 0, 230, 170, 0, 0, 230, 170),
(594, '', 'small', 'program_gallery_pict', 'dom_target_upgrade', 'program_gall', 156, 133, '', 'crops/program_gall_program_gallery_pict_156_small.jpg', 'icon', 'icon', 12, 0, 0, 170, 110, 0, 0, 170, 110),
(595, '', 'big', 'program_gallery_pict', 'dom_target_upgrade', 'program_gall', 157, 134, '', 'crops/program_gall_program_gallery_pict_157_big.jpg', 'primary', 'primary', 12, 0, 0, 490, 365, 0, 0, 490, 365),
(596, '', 'medium', 'program_gallery_pict', 'dom_target_upgrade', 'program_gall', 157, 134, '', 'crops/program_gall_program_gallery_pict_157_medium.jpg', 'secondary', 'secondary', 12, 0, 0, 230, 170, 0, 0, 230, 170),
(597, '', 'small', 'program_gallery_pict', 'dom_target_upgrade', 'program_gall', 157, 134, '', 'crops/program_gall_program_gallery_pict_157_small.jpg', 'icon', 'icon', 12, 0, 0, 170, 110, 0, 0, 170, 110),
(598, '', 'big', 'program_gallery_pict', 'dom_target_upgrade', 'program_gall', 158, 135, '', 'crops/program_gall_program_gallery_pict_158_big.jpg', 'primary', 'primary', 12, 0, 0, 490, 365, 0, 0, 490, 365),
(599, '', 'medium', 'program_gallery_pict', 'dom_target_upgrade', 'program_gall', 158, 135, '', 'crops/program_gall_program_gallery_pict_158_medium.jpg', 'secondary', 'secondary', 12, 0, 0, 230, 170, 0, 0, 230, 170),
(600, '', 'small', 'program_gallery_pict', 'dom_target_upgrade', 'program_gall', 158, 135, '', 'crops/program_gall_program_gallery_pict_158_small.jpg', 'icon', 'icon', 12, 0, 0, 170, 110, 0, 0, 170, 110),
(601, '', 'big', 'program_gallery_pict', 'dom_target_upgrade', 'program_gall', 159, 136, '', 'crops/program_gall_program_gallery_pict_159_big.jpg', 'primary', 'primary', 12, 0, 0, 490, 365, 0, 0, 490, 365),
(602, '', 'medium', 'program_gallery_pict', 'dom_target_upgrade', 'program_gall', 159, 136, '', 'crops/program_gall_program_gallery_pict_159_medium.jpg', 'secondary', 'secondary', 12, 0, 0, 230, 170, 0, 0, 230, 170),
(603, '', 'small', 'program_gallery_pict', 'dom_target_upgrade', 'program_gall', 159, 136, '', 'crops/program_gall_program_gallery_pict_159_small.jpg', 'icon', 'icon', 12, 0, 0, 170, 110, 0, 0, 170, 110),
(604, '', 'big', 'program_gallery_pict', 'dom_target_upgrade', 'program_gall', 155, 132, '', 'crops/program_gall_program_gallery_pict_155_big.jpg', 'primary', 'primary', 11, -63, 0, 428, 365, -63, 0, 427, 365),
(605, '', 'medium', 'program_gallery_pict', 'dom_target_upgrade', 'program_gall', 155, 132, '', 'crops/program_gall_program_gallery_pict_155_medium.jpg', 'secondary', 'secondary', 11, -30, 0, 200, 170, -30, 0, 200, 170),
(606, '', 'small', 'program_gallery_pict', 'dom_target_upgrade', 'program_gall', 155, 132, '', 'crops/program_gall_program_gallery_pict_155_small.jpg', 'icon', 'icon', 11, -30, 0, 140, 110, -30, 0, 140, 110),
(607, '', 'big', 'program_gallery_pict', 'dom_target_upgrade', 'program_gall', 157, 134, '', 'crops/program_gall_program_gallery_pict_157_big.jpg', 'primary', 'primary', 11, 38, 0, 528, 365, 38, 0, 528, 365),
(608, '', 'big', 'program_gallery_pict', 'dom_target_upgrade', 'program_gall', 156, 133, '', 'crops/program_gall_program_gallery_pict_156_big.jpg', 'primary', 'primary', 11, 38, 0, 528, 365, 38, 0, 528, 365),
(609, '', 'medium', 'program_gallery_pict', 'dom_target_upgrade', 'program_gall', 157, 134, '', 'crops/program_gall_program_gallery_pict_157_medium.jpg', 'secondary', 'secondary', 11, 17, 0, 247, 170, 17, 0, 247, 170),
(610, '', 'medium', 'program_gallery_pict', 'dom_target_upgrade', 'program_gall', 156, 133, '', 'crops/program_gall_program_gallery_pict_156_medium.jpg', 'secondary', 'secondary', 11, 17, 0, 247, 170, 17, 0, 247, 170),
(611, '', 'big', 'program_gallery_pict', 'dom_target_upgrade', 'program_gall', 158, 135, '', 'crops/program_gall_program_gallery_pict_158_big.jpg', 'primary', 'primary', 11, 38, 0, 528, 365, 38, 0, 528, 365),
(612, '', 'big', 'program_gallery_pict', 'dom_target_upgrade', 'program_gall', 159, 136, '', 'crops/program_gall_program_gallery_pict_159_big.jpg', 'primary', 'primary', 11, 38, 0, 528, 365, 38, 0, 528, 365),
(613, '', 'small', 'program_gallery_pict', 'dom_target_upgrade', 'program_gall', 157, 134, '', 'crops/program_gall_program_gallery_pict_157_small.jpg', 'icon', 'icon', 11, 1, 0, 171, 110, 0, 0, 170, 110),
(614, '', 'small', 'program_gallery_pict', 'dom_target_upgrade', 'program_gall', 156, 133, '', 'crops/program_gall_program_gallery_pict_156_small.jpg', 'icon', 'icon', 11, 1, 0, 171, 110, 0, 0, 170, 110),
(615, '', 'medium', 'program_gallery_pict', 'dom_target_upgrade', 'program_gall', 158, 135, '', 'crops/program_gall_program_gallery_pict_158_medium.jpg', 'secondary', 'secondary', 11, 17, 0, 247, 170, 17, 0, 247, 170),
(616, '', 'medium', 'program_gallery_pict', 'dom_target_upgrade', 'program_gall', 159, 136, '', 'crops/program_gall_program_gallery_pict_159_medium.jpg', 'secondary', 'secondary', 11, 17, 0, 247, 170, 17, 0, 247, 170),
(617, '', 'small', 'program_gallery_pict', 'dom_target_upgrade', 'program_gall', 158, 135, '', 'crops/program_gall_program_gallery_pict_158_small.jpg', 'icon', 'icon', 11, 1, 0, 171, 110, 0, 0, 170, 110),
(618, '', 'small', 'program_gallery_pict', 'dom_target_upgrade', 'program_gall', 159, 136, '', 'crops/program_gall_program_gallery_pict_159_small.jpg', 'icon', 'icon', 11, 1, 0, 171, 110, 0, 0, 170, 110),
(619, '', 'big', 'program_gallery_pict', 'dom_target_upgrade', 'program_gall', 160, 137, '', 'crops/program_gall_program_gallery_pict_160_big.jpg', 'primary', 'primary', 7, 0, 0, 490, 365, 0, 0, 490, 365),
(620, '', 'medium', 'program_gallery_pict', 'dom_target_upgrade', 'program_gall', 160, 137, '', 'crops/program_gall_program_gallery_pict_160_medium.jpg', 'secondary', 'secondary', 7, 0, 0, 230, 170, 0, 0, 230, 170),
(621, '', 'small', 'program_gallery_pict', 'dom_target_upgrade', 'program_gall', 160, 137, '', 'crops/program_gall_program_gallery_pict_160_small.jpg', 'icon', 'icon', 7, 0, 0, 170, 110, 0, 0, 170, 110),
(622, '', 'big', 'program_gallery_pict', 'dom_target_upgrade', 'program_gall', 161, 138, '', 'crops/program_gall_program_gallery_pict_161_big.jpg', 'primary', 'primary', 7, 0, 0, 490, 365, 0, 0, 490, 365),
(623, '', 'medium', 'program_gallery_pict', 'dom_target_upgrade', 'program_gall', 161, 138, '', 'crops/program_gall_program_gallery_pict_161_medium.jpg', 'secondary', 'secondary', 7, 0, 0, 230, 170, 0, 0, 230, 170),
(624, '', 'small', 'program_gallery_pict', 'dom_target_upgrade', 'program_gall', 161, 138, '', 'crops/program_gall_program_gallery_pict_161_small.jpg', 'icon', 'icon', 7, 0, 0, 170, 110, 0, 0, 170, 110),
(625, '', 'big', 'program_gallery_pict', 'dom_target_upgrade', 'program_gall', 162, 139, '', 'crops/program_gall_program_gallery_pict_162_big.jpg', 'primary', 'primary', 7, 0, 0, 490, 365, 0, 0, 490, 365),
(626, '', 'medium', 'program_gallery_pict', 'dom_target_upgrade', 'program_gall', 162, 139, '', 'crops/program_gall_program_gallery_pict_162_medium.jpg', 'secondary', 'secondary', 7, 0, 0, 230, 170, 0, 0, 230, 170),
(627, '', 'small', 'program_gallery_pict', 'dom_target_upgrade', 'program_gall', 162, 139, '', 'crops/program_gall_program_gallery_pict_162_small.jpg', 'icon', 'icon', 7, 0, 0, 170, 110, 0, 0, 170, 110),
(628, '', 'big', 'program_gallery_pict', 'dom_target_upgrade', 'program_gall', 163, 140, '', 'crops/program_gall_program_gallery_pict_163_big.jpg', 'primary', 'primary', 7, 0, 0, 490, 365, 0, 0, 490, 365),
(629, '', 'medium', 'program_gallery_pict', 'dom_target_upgrade', 'program_gall', 163, 140, '', 'crops/program_gall_program_gallery_pict_163_medium.jpg', 'secondary', 'secondary', 7, 0, 0, 230, 170, 0, 0, 230, 170),
(630, '', 'small', 'program_gallery_pict', 'dom_target_upgrade', 'program_gall', 163, 140, '', 'crops/program_gall_program_gallery_pict_163_small.jpg', 'icon', 'icon', 7, 0, 0, 170, 110, 0, 0, 170, 110),
(631, '', 'big', 'program_gallery_pict', 'dom_target_upgrade', 'program_gall', 164, 141, '', 'crops/program_gall_program_gallery_pict_164_big.jpg', 'primary', 'primary', 7, 0, 0, 490, 365, 0, 0, 490, 365),
(632, '', 'medium', 'program_gallery_pict', 'dom_target_upgrade', 'program_gall', 164, 141, '', 'crops/program_gall_program_gallery_pict_164_medium.jpg', 'secondary', 'secondary', 7, 0, 0, 230, 170, 0, 0, 230, 170),
(633, '', 'small', 'program_gallery_pict', 'dom_target_upgrade', 'program_gall', 164, 141, '', 'crops/program_gall_program_gallery_pict_164_small.jpg', 'icon', 'icon', 7, 0, 0, 170, 110, 0, 0, 170, 110),
(637, '', 'big', 'program_gallery_pict', 'dom_target_upgrade', 'program_gall', 160, 137, '', 'crops/program_gall_program_gallery_pict_160_big.jpg', 'primary', 'primary', 6, 38, 0, 528, 365, 38, 0, 528, 365),
(638, '', 'medium', 'program_gallery_pict', 'dom_target_upgrade', 'program_gall', 160, 137, '', 'crops/program_gall_program_gallery_pict_160_medium.jpg', 'secondary', 'secondary', 6, 17, 0, 247, 170, 17, 0, 247, 170),
(639, '', 'small', 'program_gallery_pict', 'dom_target_upgrade', 'program_gall', 160, 137, '', 'crops/program_gall_program_gallery_pict_160_small.jpg', 'icon', 'icon', 6, 1, 0, 171, 110, 0, 0, 170, 110),
(640, '', 'big', 'program_gallery_pict', 'dom_target_upgrade', 'program_gall', 163, 140, '', 'crops/program_gall_program_gallery_pict_163_big.jpg', 'primary', 'primary', 6, 38, 0, 528, 365, 38, 0, 528, 365),
(641, '', 'big', 'program_gallery_pict', 'dom_target_upgrade', 'program_gall', 162, 139, '', 'crops/program_gall_program_gallery_pict_162_big.jpg', 'primary', 'primary', 6, 29, 0, 519, 365, 29, 0, 519, 365),
(642, '', 'big', 'program_gallery_pict', 'dom_target_upgrade', 'program_gall', 164, 141, '', 'crops/program_gall_program_gallery_pict_164_big.jpg', 'primary', 'primary', 6, 38, 0, 528, 365, 38, 0, 528, 365),
(643, '', 'big', 'program_gallery_pict', 'dom_target_upgrade', 'program_gall', 161, 138, '', 'crops/program_gall_program_gallery_pict_161_big.jpg', 'primary', 'primary', 6, 38, 0, 528, 365, 38, 0, 528, 365),
(644, '', 'medium', 'program_gallery_pict', 'dom_target_upgrade', 'program_gall', 163, 140, '', 'crops/program_gall_program_gallery_pict_163_medium.jpg', 'secondary', 'secondary', 6, 17, 0, 247, 170, 17, 0, 247, 170),
(645, '', 'medium', 'program_gallery_pict', 'dom_target_upgrade', 'program_gall', 162, 139, '', 'crops/program_gall_program_gallery_pict_162_medium.jpg', 'secondary', 'secondary', 6, 13, 0, 243, 170, 12, 0, 242, 170),
(646, '', 'medium', 'program_gallery_pict', 'dom_target_upgrade', 'program_gall', 161, 138, '', 'crops/program_gall_program_gallery_pict_161_medium.jpg', 'secondary', 'secondary', 6, 17, 0, 247, 170, 17, 0, 247, 170),
(647, '', 'medium', 'program_gallery_pict', 'dom_target_upgrade', 'program_gall', 164, 141, '', 'crops/program_gall_program_gallery_pict_164_medium.jpg', 'secondary', 'secondary', 6, 17, 0, 247, 170, 17, 0, 247, 170),
(648, '', 'small', 'program_gallery_pict', 'dom_target_upgrade', 'program_gall', 163, 140, '', 'crops/program_gall_program_gallery_pict_163_small.jpg', 'icon', 'icon', 6, 1, 0, 171, 110, 0, 0, 170, 110),
(649, '', 'small', 'program_gallery_pict', 'dom_target_upgrade', 'program_gall', 161, 138, '', 'crops/program_gall_program_gallery_pict_161_small.jpg', 'icon', 'icon', 6, 1, 0, 171, 110, 0, 0, 170, 110),
(650, '', 'small', 'program_gallery_pict', 'dom_target_upgrade', 'program_gall', 164, 141, '', 'crops/program_gall_program_gallery_pict_164_small.jpg', 'icon', 'icon', 6, 1, 0, 171, 110, 0, 0, 170, 110),
(651, '', 'small', 'program_gallery_pict', 'dom_target_upgrade', 'program_gall', 162, 139, '', 'crops/program_gall_program_gallery_pict_162_small.jpg', 'icon', 'icon', 6, -3, 0, 168, 110, -3, 0, 167, 110),
(652, '', 'big', 'program_gallery_pict', 'dom_target_upgrade', 'program_gall', 166, 143, '', 'placeholders/placeholder_490_365_808080.jpg', 'primary', 'primary', 9, 0, 0, 490, 365, 0, 0, 490, 365),
(653, '', 'medium', 'program_gallery_pict', 'dom_target_upgrade', 'program_gall', 166, 143, '', 'placeholders/placeholder_230_170_808080.jpg', 'secondary', 'secondary', 9, 0, 0, 230, 170, 0, 0, 230, 170),
(654, '', 'small', 'program_gallery_pict', 'dom_target_upgrade', 'program_gall', 166, 143, '', 'placeholders/placeholder_170_110_808080.jpg', 'icon', 'icon', 9, 0, 0, 170, 110, 0, 0, 170, 110),
(655, '', 'big', 'program_gallery_pict', 'dom_target_upgrade', 'program_gall', 167, 144, '', 'placeholders/placeholder_490_365_808080.jpg', 'primary', 'primary', 9, 0, 0, 490, 365, 0, 0, 490, 365),
(656, '', 'medium', 'program_gallery_pict', 'dom_target_upgrade', 'program_gall', 167, 144, '', 'placeholders/placeholder_230_170_808080.jpg', 'secondary', 'secondary', 9, 0, 0, 230, 170, 0, 0, 230, 170),
(657, '', 'small', 'program_gallery_pict', 'dom_target_upgrade', 'program_gall', 167, 144, '', 'placeholders/placeholder_170_110_808080.jpg', 'icon', 'icon', 9, 0, 0, 170, 110, 0, 0, 170, 110),
(658, '', 'big', 'program_gallery_pict', 'dom_target_upgrade', 'program_gall', 168, 145, '', 'placeholders/placeholder_490_365_808080.jpg', 'primary', 'primary', 9, 0, 0, 490, 365, 0, 0, 490, 365),
(659, '', 'medium', 'program_gallery_pict', 'dom_target_upgrade', 'program_gall', 168, 145, '', 'placeholders/placeholder_230_170_808080.jpg', 'secondary', 'secondary', 9, 0, 0, 230, 170, 0, 0, 230, 170),
(660, '', 'small', 'program_gallery_pict', 'dom_target_upgrade', 'program_gall', 168, 145, '', 'placeholders/placeholder_170_110_808080.jpg', 'icon', 'icon', 9, 0, 0, 170, 110, 0, 0, 170, 110),
(661, '', 'big', 'program_gallery_pict', 'dom_target_upgrade', 'program_gall', 169, 146, '', 'placeholders/placeholder_490_365_808080.jpg', 'primary', 'primary', 9, 0, 0, 490, 365, 0, 0, 490, 365),
(662, '', 'medium', 'program_gallery_pict', 'dom_target_upgrade', 'program_gall', 169, 146, '', 'placeholders/placeholder_230_170_808080.jpg', 'secondary', 'secondary', 9, 0, 0, 230, 170, 0, 0, 230, 170),
(663, '', 'small', 'program_gallery_pict', 'dom_target_upgrade', 'program_gall', 169, 146, '', 'placeholders/placeholder_170_110_808080.jpg', 'icon', 'icon', 9, 0, 0, 170, 110, 0, 0, 170, 110),
(664, '', 'big', 'program_gallery_pict', 'dom_target_upgrade', 'program_gall', 170, 147, '', 'placeholders/placeholder_490_365_808080.jpg', 'primary', 'primary', 9, 0, 0, 490, 365, 0, 0, 490, 365),
(665, '', 'medium', 'program_gallery_pict', 'dom_target_upgrade', 'program_gall', 170, 147, '', 'placeholders/placeholder_230_170_808080.jpg', 'secondary', 'secondary', 9, 0, 0, 230, 170, 0, 0, 230, 170),
(666, '', 'small', 'program_gallery_pict', 'dom_target_upgrade', 'program_gall', 170, 147, '', 'placeholders/placeholder_170_110_808080.jpg', 'icon', 'icon', 9, 0, 0, 170, 110, 0, 0, 170, 110),
(667, '', 'big', 'program_gallery_pict', 'dom_target_upgrade', 'program_gall', 166, 143, '', 'crops/program_gall_program_gallery_pict_166_big.jpg', 'primary', 'primary', 9, 38, 0, 528, 365, 38, 0, 528, 365),
(668, '', 'medium', 'program_gallery_pict', 'dom_target_upgrade', 'program_gall', 166, 143, '', 'crops/program_gall_program_gallery_pict_166_medium.jpg', 'secondary', 'secondary', 9, 17, 0, 247, 170, 17, 0, 247, 170),
(669, '', 'big', 'program_gallery_pict', 'dom_target_upgrade', 'program_gall', 167, 144, '', 'crops/program_gall_program_gallery_pict_167_big.jpg', 'primary', 'primary', 9, 29, 0, 519, 365, 29, 0, 519, 365),
(670, '', 'small', 'program_gallery_pict', 'dom_target_upgrade', 'program_gall', 166, 143, '', 'crops/program_gall_program_gallery_pict_166_small.jpg', 'icon', 'icon', 9, 1, 0, 171, 110, 0, 0, 170, 110),
(671, '', 'big', 'program_gallery_pict', 'dom_target_upgrade', 'program_gall', 169, 146, '', 'crops/program_gall_program_gallery_pict_169_big.jpg', 'primary', 'primary', 9, 38, 0, 528, 365, 38, 0, 528, 365),
(672, '', 'big', 'program_gallery_pict', 'dom_target_upgrade', 'program_gall', 168, 145, '', 'crops/program_gall_program_gallery_pict_168_big.jpg', 'primary', 'primary', 9, 38, 0, 528, 365, 38, 0, 528, 365),
(673, '', 'big', 'program_gallery_pict', 'dom_target_upgrade', 'program_gall', 170, 147, '', 'crops/program_gall_program_gallery_pict_170_big.jpg', 'primary', 'primary', 9, 38, 0, 528, 365, 38, 0, 528, 365),
(674, '', 'medium', 'program_gallery_pict', 'dom_target_upgrade', 'program_gall', 167, 144, '', 'crops/program_gall_program_gallery_pict_167_medium.jpg', 'secondary', 'secondary', 9, 13, 0, 243, 170, 12, 0, 242, 170),
(675, '', 'medium', 'program_gallery_pict', 'dom_target_upgrade', 'program_gall', 168, 145, '', 'crops/program_gall_program_gallery_pict_168_medium.jpg', 'secondary', 'secondary', 9, 17, 0, 247, 170, 17, 0, 247, 170),
(676, '', 'medium', 'program_gallery_pict', 'dom_target_upgrade', 'program_gall', 169, 146, '', 'crops/program_gall_program_gallery_pict_169_medium.jpg', 'secondary', 'secondary', 9, 17, 0, 247, 170, 17, 0, 247, 170),
(677, '', 'medium', 'program_gallery_pict', 'dom_target_upgrade', 'program_gall', 170, 147, '', 'crops/program_gall_program_gallery_pict_170_medium.jpg', 'secondary', 'secondary', 9, 17, 0, 247, 170, 17, 0, 247, 170),
(678, '', 'small', 'program_gallery_pict', 'dom_target_upgrade', 'program_gall', 167, 144, '', 'crops/program_gall_program_gallery_pict_167_small.jpg', 'icon', 'icon', 9, -3, 0, 168, 110, -3, 0, 167, 110),
(679, '', 'small', 'program_gallery_pict', 'dom_target_upgrade', 'program_gall', 169, 146, '', 'crops/program_gall_program_gallery_pict_169_small.jpg', 'icon', 'icon', 9, 1, 0, 171, 110, 0, 0, 170, 110),
(680, '', 'small', 'program_gallery_pict', 'dom_target_upgrade', 'program_gall', 168, 145, '', 'crops/program_gall_program_gallery_pict_168_small.jpg', 'icon', 'icon', 9, 1, 0, 171, 110, 0, 0, 170, 110),
(681, '', 'small', 'program_gallery_pict', 'dom_target_upgrade', 'program_gall', 170, 147, '', 'crops/program_gall_program_gallery_pict_170_small.jpg', 'icon', 'icon', 9, 1, 0, 171, 110, 0, 0, 170, 110),
(712, '', 'big', 'program_gallery_pict', 'dom_target_upgrade', 'program_gall', 176, 153, '', 'placeholders/placeholder_490_365_808080.jpg', 'primary', 'primary', 19, 0, 0, 490, 365, 0, 0, 490, 365),
(713, '', 'medium', 'program_gallery_pict', 'dom_target_upgrade', 'program_gall', 176, 153, '', 'placeholders/placeholder_230_170_808080.jpg', 'secondary', 'secondary', 19, 0, 0, 230, 170, 0, 0, 230, 170),
(714, '', 'small', 'program_gallery_pict', 'dom_target_upgrade', 'program_gall', 176, 153, '', 'placeholders/placeholder_170_110_808080.jpg', 'icon', 'icon', 19, 0, 0, 170, 110, 0, 0, 170, 110),
(715, '', 'big', 'program_gallery_pict', 'dom_target_upgrade', 'program_gall', 177, 154, '', 'placeholders/placeholder_490_365_808080.jpg', 'primary', 'primary', 19, 0, 0, 490, 365, 0, 0, 490, 365),
(716, '', 'medium', 'program_gallery_pict', 'dom_target_upgrade', 'program_gall', 177, 154, '', 'placeholders/placeholder_230_170_808080.jpg', 'secondary', 'secondary', 19, 0, 0, 230, 170, 0, 0, 230, 170),
(717, '', 'small', 'program_gallery_pict', 'dom_target_upgrade', 'program_gall', 177, 154, '', 'placeholders/placeholder_170_110_808080.jpg', 'icon', 'icon', 19, 0, 0, 170, 110, 0, 0, 170, 110),
(718, '', 'big', 'program_gallery_pict', 'dom_target_upgrade', 'program_gall', 178, 155, '', 'placeholders/placeholder_490_365_808080.jpg', 'primary', 'primary', 19, 0, 0, 490, 365, 0, 0, 490, 365),
(719, '', 'medium', 'program_gallery_pict', 'dom_target_upgrade', 'program_gall', 178, 155, '', 'placeholders/placeholder_230_170_808080.jpg', 'secondary', 'secondary', 18, 0, 0, 230, 170, 0, 0, 230, 170),
(720, '', 'small', 'program_gallery_pict', 'dom_target_upgrade', 'program_gall', 178, 155, '', 'placeholders/placeholder_170_110_808080.jpg', 'icon', 'icon', 18, 0, 0, 170, 110, 0, 0, 170, 110),
(721, '', 'big', 'program_gallery_pict', 'dom_target_upgrade', 'program_gall', 179, 156, '', 'placeholders/placeholder_490_365_808080.jpg', 'primary', 'primary', 18, 0, 0, 490, 365, 0, 0, 490, 365),
(722, '', 'medium', 'program_gallery_pict', 'dom_target_upgrade', 'program_gall', 179, 156, '', 'placeholders/placeholder_230_170_808080.jpg', 'secondary', 'secondary', 18, 0, 0, 230, 170, 0, 0, 230, 170),
(723, '', 'small', 'program_gallery_pict', 'dom_target_upgrade', 'program_gall', 179, 156, '', 'placeholders/placeholder_170_110_808080.jpg', 'icon', 'icon', 18, 0, 0, 170, 110, 0, 0, 170, 110),
(724, '', 'big', 'program_gallery_pict', 'dom_target_upgrade', 'program_gall', 180, 157, '', 'placeholders/placeholder_490_365_808080.jpg', 'primary', 'primary', 18, 0, 0, 490, 365, 0, 0, 490, 365),
(725, '', 'medium', 'program_gallery_pict', 'dom_target_upgrade', 'program_gall', 180, 157, '', 'placeholders/placeholder_230_170_808080.jpg', 'secondary', 'secondary', 18, 0, 0, 230, 170, 0, 0, 230, 170),
(726, '', 'small', 'program_gallery_pict', 'dom_target_upgrade', 'program_gall', 180, 157, '', 'placeholders/placeholder_170_110_808080.jpg', 'icon', 'icon', 17, 0, 0, 170, 110, 0, 0, 170, 110),
(727, '', 'big', 'program_gallery_pict', 'dom_target_upgrade', 'program_gall', 176, 153, '', 'crops/program_gall_program_gallery_pict_176_big.jpg', 'primary', 'primary', 19, 29, 0, 519, 365, 29, 0, 519, 365),
(728, '', 'medium', 'program_gallery_pict', 'dom_target_upgrade', 'program_gall', 176, 153, '', 'crops/program_gall_program_gallery_pict_176_medium.jpg', 'secondary', 'secondary', 19, 13, 0, 243, 170, 12, 0, 242, 170),
(729, '', 'small', 'program_gallery_pict', 'dom_target_upgrade', 'program_gall', 176, 153, '', 'crops/program_gall_program_gallery_pict_176_small.jpg', 'icon', 'icon', 19, -3, 0, 168, 110, -3, 0, 167, 110),
(730, '', 'big', 'program_gallery_pict', 'dom_target_upgrade', 'program_gall', 177, 154, '', 'crops/program_gall_program_gallery_pict_177_big.jpg', 'primary', 'primary', 19, 2, 0, 492, 365, 2, 0, 492, 365),
(731, '', 'big', 'program_gallery_pict', 'dom_target_upgrade', 'program_gall', 179, 156, '', 'crops/program_gall_program_gallery_pict_179_big.jpg', 'primary', 'primary', 18, 29, 0, 519, 365, 29, 0, 519, 365),
(732, '', 'big', 'program_gallery_pict', 'dom_target_upgrade', 'program_gall', 178, 155, '', 'crops/program_gall_program_gallery_pict_178_big.jpg', 'primary', 'primary', 18, 37, 0, 527, 365, 37, 0, 527, 365),
(733, '', 'medium', 'program_gallery_pict', 'dom_target_upgrade', 'program_gall', 177, 154, '', 'crops/program_gall_program_gallery_pict_177_medium.jpg', 'secondary', 'secondary', 19, 0, 0, 230, 170, 0, 0, 230, 170),
(734, '', 'medium', 'program_gallery_pict', 'dom_target_upgrade', 'program_gall', 178, 155, '', 'crops/program_gall_program_gallery_pict_178_medium.jpg', 'secondary', 'secondary', 18, 17, 0, 247, 170, 16, 0, 246, 170),
(735, '', 'medium', 'program_gallery_pict', 'dom_target_upgrade', 'program_gall', 179, 156, '', 'crops/program_gall_program_gallery_pict_179_medium.jpg', 'secondary', 'secondary', 18, 13, 0, 243, 170, 12, 0, 242, 170),
(736, '', 'small', 'program_gallery_pict', 'dom_target_upgrade', 'program_gall', 178, 155, '', 'crops/program_gall_program_gallery_pict_178_small.jpg', 'icon', 'icon', 18, 0, 0, 170, 110, 0, 0, 170, 110),
(737, '', 'small', 'program_gallery_pict', 'dom_target_upgrade', 'program_gall', 179, 156, '', 'crops/program_gall_program_gallery_pict_179_small.jpg', 'icon', 'icon', 18, -3, 0, 168, 110, -3, 0, 167, 110),
(738, '', 'small', 'program_gallery_pict', 'dom_target_upgrade', 'program_gall', 177, 154, '', 'crops/program_gall_program_gallery_pict_177_small.jpg', 'icon', 'icon', 19, -11, 0, 160, 110, -11, 0, 159, 110),
(739, '', 'big', 'program_gallery_pict', 'dom_target_upgrade', 'program_gall', 180, 157, '', 'crops/program_gall_program_gallery_pict_180_big.jpg', 'primary', 'primary', 17, 38, 0, 528, 365, 38, 0, 528, 365),
(740, '', 'medium', 'program_gallery_pict', 'dom_target_upgrade', 'program_gall', 180, 157, '', 'crops/program_gall_program_gallery_pict_180_medium.jpg', 'secondary', 'secondary', 17, 17, 0, 247, 170, 17, 0, 247, 170),
(741, '', 'small', 'program_gallery_pict', 'dom_target_upgrade', 'program_gall', 180, 157, '', 'crops/program_gall_program_gallery_pict_180_small.jpg', 'icon', 'icon', 17, 1, 0, 171, 110, 0, 0, 170, 110),
(742, '', 'big', 'program_gallery_pict', 'dom_target_upgrade', 'program_gall', 181, 158, '', 'placeholders/placeholder_490_365_808080.jpg', 'primary', 'primary', 7, 0, 0, 490, 365, 0, 0, 490, 365),
(743, '', 'medium', 'program_gallery_pict', 'dom_target_upgrade', 'program_gall', 181, 158, '', 'placeholders/placeholder_230_170_808080.jpg', 'secondary', 'secondary', 7, 0, 0, 230, 170, 0, 0, 230, 170),
(744, '', 'small', 'program_gallery_pict', 'dom_target_upgrade', 'program_gall', 181, 158, '', 'placeholders/placeholder_170_110_808080.jpg', 'icon', 'icon', 7, 0, 0, 170, 110, 0, 0, 170, 110),
(745, '', 'big', 'program_gallery_pict', 'dom_target_upgrade', 'program_gall', 182, 159, '', 'placeholders/placeholder_490_365_808080.jpg', 'primary', 'primary', 7, 0, 0, 490, 365, 0, 0, 490, 365),
(746, '', 'medium', 'program_gallery_pict', 'dom_target_upgrade', 'program_gall', 182, 159, '', 'placeholders/placeholder_230_170_808080.jpg', 'secondary', 'secondary', 7, 0, 0, 230, 170, 0, 0, 230, 170),
(747, '', 'small', 'program_gallery_pict', 'dom_target_upgrade', 'program_gall', 182, 159, '', 'placeholders/placeholder_170_110_808080.jpg', 'icon', 'icon', 7, 0, 0, 170, 110, 0, 0, 170, 110),
(748, '', 'big', 'program_gallery_pict', 'dom_target_upgrade', 'program_gall', 183, 160, '', 'placeholders/placeholder_490_365_808080.jpg', 'primary', 'primary', 7, 0, 0, 490, 365, 0, 0, 490, 365),
(749, '', 'medium', 'program_gallery_pict', 'dom_target_upgrade', 'program_gall', 183, 160, '', 'placeholders/placeholder_230_170_808080.jpg', 'secondary', 'secondary', 7, 0, 0, 230, 170, 0, 0, 230, 170),
(750, '', 'small', 'program_gallery_pict', 'dom_target_upgrade', 'program_gall', 183, 160, '', 'placeholders/placeholder_170_110_808080.jpg', 'icon', 'icon', 7, 0, 0, 170, 110, 0, 0, 170, 110),
(751, '', 'big', 'program_gallery_pict', 'dom_target_upgrade', 'program_gall', 184, 161, '', 'placeholders/placeholder_490_365_808080.jpg', 'primary', 'primary', 7, 0, 0, 490, 365, 0, 0, 490, 365),
(752, '', 'medium', 'program_gallery_pict', 'dom_target_upgrade', 'program_gall', 184, 161, '', 'placeholders/placeholder_230_170_808080.jpg', 'secondary', 'secondary', 7, 0, 0, 230, 170, 0, 0, 230, 170),
(753, '', 'small', 'program_gallery_pict', 'dom_target_upgrade', 'program_gall', 184, 161, '', 'placeholders/placeholder_170_110_808080.jpg', 'icon', 'icon', 7, 0, 0, 170, 110, 0, 0, 170, 110),
(754, '', 'big', 'program_gallery_pict', 'dom_target_upgrade', 'program_gall', 185, 162, '', 'placeholders/placeholder_490_365_808080.jpg', 'primary', 'primary', 7, 0, 0, 490, 365, 0, 0, 490, 365),
(755, '', 'medium', 'program_gallery_pict', 'dom_target_upgrade', 'program_gall', 185, 162, '', 'placeholders/placeholder_230_170_808080.jpg', 'secondary', 'secondary', 7, 0, 0, 230, 170, 0, 0, 230, 170),
(756, '', 'small', 'program_gallery_pict', 'dom_target_upgrade', 'program_gall', 185, 162, '', 'placeholders/placeholder_170_110_808080.jpg', 'icon', 'icon', 7, 0, 0, 170, 110, 0, 0, 170, 110),
(757, '', 'big', 'program_gallery_pict', 'dom_target_upgrade', 'program_gall', 183, 160, '', 'crops/program_gall_program_gallery_pict_183_big.jpg', 'primary', 'primary', 7, 29, 0, 519, 365, 29, 0, 519, 365),
(758, '', 'big', 'program_gallery_pict', 'dom_target_upgrade', 'program_gall', 182, 159, '', 'crops/program_gall_program_gallery_pict_182_big.jpg', 'primary', 'primary', 7, 38, 0, 528, 365, 38, 0, 528, 365),
(759, '', 'big', 'program_gallery_pict', 'dom_target_upgrade', 'program_gall', 181, 158, '', 'crops/program_gall_program_gallery_pict_181_big.jpg', 'primary', 'primary', 7, 29, 0, 519, 365, 29, 0, 519, 365),
(760, '', 'medium', 'program_gallery_pict', 'dom_target_upgrade', 'program_gall', 183, 160, '', 'crops/program_gall_program_gallery_pict_183_medium.jpg', 'secondary', 'secondary', 7, 13, 0, 243, 170, 12, 0, 242, 170),
(761, '', 'medium', 'program_gallery_pict', 'dom_target_upgrade', 'program_gall', 181, 158, '', 'crops/program_gall_program_gallery_pict_181_medium.jpg', 'secondary', 'secondary', 7, 13, 0, 243, 170, 12, 0, 242, 170),
(762, '', 'medium', 'program_gallery_pict', 'dom_target_upgrade', 'program_gall', 182, 159, '', 'crops/program_gall_program_gallery_pict_182_medium.jpg', 'secondary', 'secondary', 7, 17, 0, 247, 170, 17, 0, 247, 170),
(763, '', 'big', 'program_gallery_pict', 'dom_target_upgrade', 'program_gall', 184, 161, '', 'crops/program_gall_program_gallery_pict_184_big.jpg', 'primary', 'primary', 7, 38, 0, 528, 365, 38, 0, 528, 365),
(764, '', 'small', 'program_gallery_pict', 'dom_target_upgrade', 'program_gall', 183, 160, '', 'crops/program_gall_program_gallery_pict_183_small.jpg', 'icon', 'icon', 7, -3, 0, 168, 110, -3, 0, 167, 110),
(765, '', 'big', 'program_gallery_pict', 'dom_target_upgrade', 'program_gall', 185, 162, '', 'crops/program_gall_program_gallery_pict_185_big.jpg', 'primary', 'primary', 7, 38, 0, 528, 365, 38, 0, 528, 365),
(766, '', 'small', 'program_gallery_pict', 'dom_target_upgrade', 'program_gall', 182, 159, '', 'crops/program_gall_program_gallery_pict_182_small.jpg', 'icon', 'icon', 7, 1, 0, 171, 110, 0, 0, 170, 110),
(767, '', 'small', 'program_gallery_pict', 'dom_target_upgrade', 'program_gall', 181, 158, '', 'crops/program_gall_program_gallery_pict_181_small.jpg', 'icon', 'icon', 7, -3, 0, 168, 110, -3, 0, 167, 110),
(768, '', 'medium', 'program_gallery_pict', 'dom_target_upgrade', 'program_gall', 184, 161, '', 'crops/program_gall_program_gallery_pict_184_medium.jpg', 'secondary', 'secondary', 7, 17, 0, 247, 170, 17, 0, 247, 170),
(769, '', 'medium', 'program_gallery_pict', 'dom_target_upgrade', 'program_gall', 185, 162, '', 'crops/program_gall_program_gallery_pict_185_medium.jpg', 'secondary', 'secondary', 7, 17, 0, 247, 170, 17, 0, 247, 170),
(770, '', 'small', 'program_gallery_pict', 'dom_target_upgrade', 'program_gall', 184, 161, '', 'crops/program_gall_program_gallery_pict_184_small.jpg', 'icon', 'icon', 7, 1, 0, 171, 110, 0, 0, 170, 110),
(771, '', 'small', 'program_gallery_pict', 'dom_target_upgrade', 'program_gall', 185, 162, '', 'crops/program_gall_program_gallery_pict_185_small.jpg', 'icon', 'icon', 7, 1, 0, 171, 110, 0, 0, 170, 110),
(772, '', 'big', 'program_gallery_pict', 'dom_target_upgrade', 'program_gall', 186, 163, '', 'placeholders/placeholder_490_365_808080.jpg', 'primary', 'primary', 22, 0, 0, 490, 365, 0, 0, 490, 365),
(773, '', 'medium', 'program_gallery_pict', 'dom_target_upgrade', 'program_gall', 186, 163, '', 'placeholders/placeholder_230_170_808080.jpg', 'secondary', 'secondary', 22, 0, 0, 230, 170, 0, 0, 230, 170),
(774, '', 'small', 'program_gallery_pict', 'dom_target_upgrade', 'program_gall', 186, 163, '', 'placeholders/placeholder_170_110_808080.jpg', 'icon', 'icon', 22, 0, 0, 170, 110, 0, 0, 170, 110),
(775, '', 'big', 'program_gallery_pict', 'dom_target_upgrade', 'program_gall', 187, 164, '', 'placeholders/placeholder_490_365_808080.jpg', 'primary', 'primary', 22, 0, 0, 490, 365, 0, 0, 490, 365),
(776, '', 'medium', 'program_gallery_pict', 'dom_target_upgrade', 'program_gall', 187, 164, '', 'placeholders/placeholder_230_170_808080.jpg', 'secondary', 'secondary', 22, 0, 0, 230, 170, 0, 0, 230, 170),
(777, '', 'small', 'program_gallery_pict', 'dom_target_upgrade', 'program_gall', 187, 164, '', 'placeholders/placeholder_170_110_808080.jpg', 'icon', 'icon', 22, 0, 0, 170, 110, 0, 0, 170, 110),
(778, '', 'big', 'program_gallery_pict', 'dom_target_upgrade', 'program_gall', 188, 165, '', 'placeholders/placeholder_490_365_808080.jpg', 'primary', 'primary', 22, 0, 0, 490, 365, 0, 0, 490, 365),
(779, '', 'medium', 'program_gallery_pict', 'dom_target_upgrade', 'program_gall', 188, 165, '', 'placeholders/placeholder_230_170_808080.jpg', 'secondary', 'secondary', 22, 0, 0, 230, 170, 0, 0, 230, 170),
(780, '', 'small', 'program_gallery_pict', 'dom_target_upgrade', 'program_gall', 188, 165, '', 'placeholders/placeholder_170_110_808080.jpg', 'icon', 'icon', 22, 0, 0, 170, 110, 0, 0, 170, 110),
(781, '', 'big', 'program_gallery_pict', 'dom_target_upgrade', 'program_gall', 189, 166, '', 'placeholders/placeholder_490_365_808080.jpg', 'primary', 'primary', 21, 0, 0, 490, 365, 0, 0, 490, 365),
(782, '', 'medium', 'program_gallery_pict', 'dom_target_upgrade', 'program_gall', 189, 166, '', 'placeholders/placeholder_230_170_808080.jpg', 'secondary', 'secondary', 21, 0, 0, 230, 170, 0, 0, 230, 170),
(783, '', 'small', 'program_gallery_pict', 'dom_target_upgrade', 'program_gall', 189, 166, '', 'placeholders/placeholder_170_110_808080.jpg', 'icon', 'icon', 21, 0, 0, 170, 110, 0, 0, 170, 110),
(784, '', 'big', 'program_gallery_pict', 'dom_target_upgrade', 'program_gall', 190, 167, '', 'placeholders/placeholder_490_365_808080.jpg', 'primary', 'primary', 21, 0, 0, 490, 365, 0, 0, 490, 365),
(785, '', 'medium', 'program_gallery_pict', 'dom_target_upgrade', 'program_gall', 190, 167, '', 'placeholders/placeholder_230_170_808080.jpg', 'secondary', 'secondary', 21, 0, 0, 230, 170, 0, 0, 230, 170),
(786, '', 'small', 'program_gallery_pict', 'dom_target_upgrade', 'program_gall', 190, 167, '', 'placeholders/placeholder_170_110_808080.jpg', 'icon', 'icon', 21, 0, 0, 170, 110, 0, 0, 170, 110),
(787, '', 'big', 'program_gallery_pict', 'dom_target_upgrade', 'program_gall', 187, 164, '', 'crops/program_gall_program_gallery_pict_187_big.jpg', 'primary', 'primary', 22, 22, 0, 512, 365, 22, 0, 512, 365),
(788, '', 'medium', 'program_gallery_pict', 'dom_target_upgrade', 'program_gall', 187, 164, '', 'crops/program_gall_program_gallery_pict_187_medium.jpg', 'secondary', 'secondary', 22, 10, 0, 240, 170, 9, 0, 239, 170),
(789, '', 'small', 'program_gallery_pict', 'dom_target_upgrade', 'program_gall', 187, 164, '', 'crops/program_gall_program_gallery_pict_187_small.jpg', 'icon', 'icon', 22, -5, 0, 166, 110, -5, 0, 165, 110),
(790, '', 'big', 'program_gallery_pict', 'dom_target_upgrade', 'program_gall', 188, 165, '', 'crops/program_gall_program_gallery_pict_188_big.jpg', 'primary', 'primary', 22, 43, 0, 533, 365, 42, 0, 532, 365),
(791, '', 'medium', 'program_gallery_pict', 'dom_target_upgrade', 'program_gall', 188, 165, '', 'crops/program_gall_program_gallery_pict_188_medium.jpg', 'secondary', 'secondary', 22, 19, 0, 249, 170, 19, 0, 249, 170),
(792, '', 'small', 'program_gallery_pict', 'dom_target_upgrade', 'program_gall', 188, 165, '', 'crops/program_gall_program_gallery_pict_188_small.jpg', 'icon', 'icon', 22, 2, 0, 172, 110, 1, 0, 171, 110),
(793, '', 'big', 'program_gallery_pict', 'dom_target_upgrade', 'program_gall', 189, 166, '', 'crops/program_gall_program_gallery_pict_189_big.jpg', 'primary', 'primary', 21, 43, 0, 533, 365, 42, 0, 532, 365),
(794, '', 'medium', 'program_gallery_pict', 'dom_target_upgrade', 'program_gall', 189, 166, '', 'crops/program_gall_program_gallery_pict_189_medium.jpg', 'secondary', 'secondary', 21, 19, 0, 249, 170, 19, 0, 249, 170),
(795, '', 'small', 'program_gallery_pict', 'dom_target_upgrade', 'program_gall', 189, 166, '', 'crops/program_gall_program_gallery_pict_189_small.jpg', 'icon', 'icon', 21, 2, 0, 172, 110, 1, 0, 171, 110),
(796, '', 'big', 'program_gallery_pict', 'dom_target_upgrade', 'program_gall', 190, 167, '', 'crops/program_gall_program_gallery_pict_190_big.jpg', 'primary', 'primary', 21, 29, 0, 519, 365, 29, 0, 519, 365),
(797, '', 'medium', 'program_gallery_pict', 'dom_target_upgrade', 'program_gall', 190, 167, '', 'crops/program_gall_program_gallery_pict_190_medium.jpg', 'secondary', 'secondary', 21, 13, 0, 243, 170, 12, 0, 242, 170),
(798, '', 'small', 'program_gallery_pict', 'dom_target_upgrade', 'program_gall', 190, 167, '', 'crops/program_gall_program_gallery_pict_190_small.jpg', 'icon', 'icon', 21, -3, 0, 168, 110, -3, 0, 167, 110),
(799, '', 'big', 'program_gallery_pict', 'dom_target_upgrade', 'program_gall', 186, 163, '', 'crops/program_gall_program_gallery_pict_186_big.jpg', 'primary', 'primary', 22, 29, 0, 519, 365, 29, 0, 519, 365),
(800, '', 'medium', 'program_gallery_pict', 'dom_target_upgrade', 'program_gall', 186, 163, '', 'crops/program_gall_program_gallery_pict_186_medium.jpg', 'secondary', 'secondary', 22, 13, 0, 243, 170, 12, 0, 242, 170),
(801, '', 'small', 'program_gallery_pict', 'dom_target_upgrade', 'program_gall', 186, 163, '', 'crops/program_gall_program_gallery_pict_186_small.jpg', 'icon', 'icon', 22, -3, 0, 168, 110, -3, 0, 167, 110),
(802, '', 'big', 'program_gallery_pict', 'dom_target_upgrade', 'program_gall', 191, 168, '', 'placeholders/placeholder_490_365_808080.jpg', 'primary', 'primary', 12, 0, 0, 490, 365, 0, 0, 490, 365);
INSERT INTO `crops` (`id`, `value`, `name`, `image_name`, `block_name`, `group_name`, `group_id`, `image_id`, `alt`, `link`, `man_sufix`, `target_sufix`, `cache_index`, `man_x1`, `man_y1`, `man_x2`, `man_y2`, `target_x1`, `target_y1`, `target_x2`, `target_y2`) VALUES
(803, '', 'medium', 'program_gallery_pict', 'dom_target_upgrade', 'program_gall', 191, 168, '', 'placeholders/placeholder_230_170_808080.jpg', 'secondary', 'secondary', 12, 0, 0, 230, 170, 0, 0, 230, 170),
(804, '', 'small', 'program_gallery_pict', 'dom_target_upgrade', 'program_gall', 191, 168, '', 'placeholders/placeholder_170_110_808080.jpg', 'icon', 'icon', 12, 0, 0, 170, 110, 0, 0, 170, 110),
(805, '', 'big', 'program_gallery_pict', 'dom_target_upgrade', 'program_gall', 192, 169, '', 'placeholders/placeholder_490_365_808080.jpg', 'primary', 'primary', 12, 0, 0, 490, 365, 0, 0, 490, 365),
(806, '', 'medium', 'program_gallery_pict', 'dom_target_upgrade', 'program_gall', 192, 169, '', 'placeholders/placeholder_230_170_808080.jpg', 'secondary', 'secondary', 12, 0, 0, 230, 170, 0, 0, 230, 170),
(807, '', 'small', 'program_gallery_pict', 'dom_target_upgrade', 'program_gall', 192, 169, '', 'placeholders/placeholder_170_110_808080.jpg', 'icon', 'icon', 12, 0, 0, 170, 110, 0, 0, 170, 110),
(808, '', 'big', 'program_gallery_pict', 'dom_target_upgrade', 'program_gall', 193, 170, '', 'placeholders/placeholder_490_365_808080.jpg', 'primary', 'primary', 12, 0, 0, 490, 365, 0, 0, 490, 365),
(809, '', 'medium', 'program_gallery_pict', 'dom_target_upgrade', 'program_gall', 193, 170, '', 'placeholders/placeholder_230_170_808080.jpg', 'secondary', 'secondary', 12, 0, 0, 230, 170, 0, 0, 230, 170),
(810, '', 'small', 'program_gallery_pict', 'dom_target_upgrade', 'program_gall', 193, 170, '', 'placeholders/placeholder_170_110_808080.jpg', 'icon', 'icon', 12, 0, 0, 170, 110, 0, 0, 170, 110),
(811, '', 'big', 'program_gallery_pict', 'dom_target_upgrade', 'program_gall', 194, 171, '', 'placeholders/placeholder_490_365_808080.jpg', 'primary', 'primary', 12, 0, 0, 490, 365, 0, 0, 490, 365),
(812, '', 'medium', 'program_gallery_pict', 'dom_target_upgrade', 'program_gall', 194, 171, '', 'placeholders/placeholder_230_170_808080.jpg', 'secondary', 'secondary', 12, 0, 0, 230, 170, 0, 0, 230, 170),
(813, '', 'small', 'program_gallery_pict', 'dom_target_upgrade', 'program_gall', 194, 171, '', 'placeholders/placeholder_170_110_808080.jpg', 'icon', 'icon', 12, 0, 0, 170, 110, 0, 0, 170, 110),
(814, '', 'big', 'program_gallery_pict', 'dom_target_upgrade', 'program_gall', 195, 172, '', 'placeholders/placeholder_490_365_808080.jpg', 'primary', 'primary', 12, 0, 0, 490, 365, 0, 0, 490, 365),
(815, '', 'medium', 'program_gallery_pict', 'dom_target_upgrade', 'program_gall', 195, 172, '', 'placeholders/placeholder_230_170_808080.jpg', 'secondary', 'secondary', 12, 0, 0, 230, 170, 0, 0, 230, 170),
(816, '', 'small', 'program_gallery_pict', 'dom_target_upgrade', 'program_gall', 195, 172, '', 'placeholders/placeholder_170_110_808080.jpg', 'icon', 'icon', 12, 0, 0, 170, 110, 0, 0, 170, 110),
(817, '', 'big', 'program_gallery_pict', 'dom_target_upgrade', 'program_gall', 195, 172, '', 'crops/program_gall_program_gallery_pict_195_big.jpg', 'primary', 'primary', 12, 38, 0, 528, 365, 38, 0, 528, 365),
(818, '', 'medium', 'program_gallery_pict', 'dom_target_upgrade', 'program_gall', 195, 172, '', 'crops/program_gall_program_gallery_pict_195_medium.jpg', 'secondary', 'secondary', 12, 17, 0, 247, 170, 17, 0, 247, 170),
(819, '', 'small', 'program_gallery_pict', 'dom_target_upgrade', 'program_gall', 195, 172, '', 'crops/program_gall_program_gallery_pict_195_small.jpg', 'icon', 'icon', 12, 1, 0, 171, 110, 0, 0, 170, 110),
(820, '', 'big', 'program_gallery_pict', 'dom_target_upgrade', 'program_gall', 193, 170, '', 'crops/program_gall_program_gallery_pict_193_big.jpg', 'primary', 'primary', 12, 38, 0, 528, 365, 38, 0, 528, 365),
(821, '', 'big', 'program_gallery_pict', 'dom_target_upgrade', 'program_gall', 192, 169, '', 'crops/program_gall_program_gallery_pict_192_big.jpg', 'primary', 'primary', 12, 11, 0, 501, 365, 10, 0, 500, 365),
(822, '', 'big', 'program_gallery_pict', 'dom_target_upgrade', 'program_gall', 191, 168, '', 'crops/program_gall_program_gallery_pict_191_big.jpg', 'primary', 'primary', 12, 29, 0, 519, 365, 29, 0, 519, 365),
(823, '', 'big', 'program_gallery_pict', 'dom_target_upgrade', 'program_gall', 194, 171, '', 'crops/program_gall_program_gallery_pict_194_big.jpg', 'primary', 'primary', 12, 38, 0, 528, 365, 38, 0, 528, 365),
(824, '', 'medium', 'program_gallery_pict', 'dom_target_upgrade', 'program_gall', 193, 170, '', 'crops/program_gall_program_gallery_pict_193_medium.jpg', 'secondary', 'secondary', 12, 17, 0, 247, 170, 17, 0, 247, 170),
(825, '', 'medium', 'program_gallery_pict', 'dom_target_upgrade', 'program_gall', 192, 169, '', 'crops/program_gall_program_gallery_pict_192_medium.jpg', 'secondary', 'secondary', 12, 4, 0, 234, 170, 4, 0, 234, 170),
(826, '', 'medium', 'program_gallery_pict', 'dom_target_upgrade', 'program_gall', 191, 168, '', 'crops/program_gall_program_gallery_pict_191_medium.jpg', 'secondary', 'secondary', 12, 13, 0, 243, 170, 12, 0, 242, 170),
(827, '', 'medium', 'program_gallery_pict', 'dom_target_upgrade', 'program_gall', 194, 171, '', 'crops/program_gall_program_gallery_pict_194_medium.jpg', 'secondary', 'secondary', 12, 17, 0, 247, 170, 17, 0, 247, 170),
(828, '', 'small', 'program_gallery_pict', 'dom_target_upgrade', 'program_gall', 193, 170, '', 'crops/program_gall_program_gallery_pict_193_small.jpg', 'icon', 'icon', 12, 1, 0, 171, 110, 0, 0, 170, 110),
(829, '', 'small', 'program_gallery_pict', 'dom_target_upgrade', 'program_gall', 192, 169, '', 'crops/program_gall_program_gallery_pict_192_small.jpg', 'icon', 'icon', 12, -8, 0, 162, 110, -8, 0, 162, 110),
(830, '', 'small', 'program_gallery_pict', 'dom_target_upgrade', 'program_gall', 191, 168, '', 'crops/program_gall_program_gallery_pict_191_small.jpg', 'icon', 'icon', 12, -3, 0, 168, 110, -3, 0, 167, 110),
(831, '', 'small', 'program_gallery_pict', 'dom_target_upgrade', 'program_gall', 194, 171, '', 'crops/program_gall_program_gallery_pict_194_small.jpg', 'icon', 'icon', 12, 1, 0, 171, 110, 0, 0, 170, 110),
(862, '', 'big', 'program_gallery_pict', 'dom_target_upgrade', 'program_gall', 201, 178, '', 'placeholders/placeholder_490_365_808080.jpg', 'primary', 'primary', 9, 0, 0, 490, 365, 0, 0, 490, 365),
(863, '', 'medium', 'program_gallery_pict', 'dom_target_upgrade', 'program_gall', 201, 178, '', 'placeholders/placeholder_230_170_808080.jpg', 'secondary', 'secondary', 9, 0, 0, 230, 170, 0, 0, 230, 170),
(864, '', 'small', 'program_gallery_pict', 'dom_target_upgrade', 'program_gall', 201, 178, '', 'placeholders/placeholder_170_110_808080.jpg', 'icon', 'icon', 9, 0, 0, 170, 110, 0, 0, 170, 110),
(865, '', 'big', 'program_gallery_pict', 'dom_target_upgrade', 'program_gall', 202, 179, '', 'placeholders/placeholder_490_365_808080.jpg', 'primary', 'primary', 9, 0, 0, 490, 365, 0, 0, 490, 365),
(866, '', 'medium', 'program_gallery_pict', 'dom_target_upgrade', 'program_gall', 202, 179, '', 'placeholders/placeholder_230_170_808080.jpg', 'secondary', 'secondary', 9, 0, 0, 230, 170, 0, 0, 230, 170),
(867, '', 'small', 'program_gallery_pict', 'dom_target_upgrade', 'program_gall', 202, 179, '', 'placeholders/placeholder_170_110_808080.jpg', 'icon', 'icon', 9, 0, 0, 170, 110, 0, 0, 170, 110),
(868, '', 'big', 'program_gallery_pict', 'dom_target_upgrade', 'program_gall', 203, 180, '', 'placeholders/placeholder_490_365_808080.jpg', 'primary', 'primary', 9, 0, 0, 490, 365, 0, 0, 490, 365),
(869, '', 'medium', 'program_gallery_pict', 'dom_target_upgrade', 'program_gall', 203, 180, '', 'placeholders/placeholder_230_170_808080.jpg', 'secondary', 'secondary', 9, 0, 0, 230, 170, 0, 0, 230, 170),
(870, '', 'small', 'program_gallery_pict', 'dom_target_upgrade', 'program_gall', 203, 180, '', 'placeholders/placeholder_170_110_808080.jpg', 'icon', 'icon', 9, 0, 0, 170, 110, 0, 0, 170, 110),
(871, '', 'big', 'program_gallery_pict', 'dom_target_upgrade', 'program_gall', 204, 181, '', 'placeholders/placeholder_490_365_808080.jpg', 'primary', 'primary', 9, 0, 0, 490, 365, 0, 0, 490, 365),
(872, '', 'medium', 'program_gallery_pict', 'dom_target_upgrade', 'program_gall', 204, 181, '', 'placeholders/placeholder_230_170_808080.jpg', 'secondary', 'secondary', 9, 0, 0, 230, 170, 0, 0, 230, 170),
(873, '', 'small', 'program_gallery_pict', 'dom_target_upgrade', 'program_gall', 204, 181, '', 'placeholders/placeholder_170_110_808080.jpg', 'icon', 'icon', 9, 0, 0, 170, 110, 0, 0, 170, 110),
(874, '', 'big', 'program_gallery_pict', 'dom_target_upgrade', 'program_gall', 205, 182, '', 'placeholders/placeholder_490_365_808080.jpg', 'primary', 'primary', 9, 0, 0, 490, 365, 0, 0, 490, 365),
(875, '', 'medium', 'program_gallery_pict', 'dom_target_upgrade', 'program_gall', 205, 182, '', 'placeholders/placeholder_230_170_808080.jpg', 'secondary', 'secondary', 9, 0, 0, 230, 170, 0, 0, 230, 170),
(876, '', 'small', 'program_gallery_pict', 'dom_target_upgrade', 'program_gall', 205, 182, '', 'placeholders/placeholder_170_110_808080.jpg', 'icon', 'icon', 9, 0, 0, 170, 110, 0, 0, 170, 110),
(892, '', 'big', 'program_gallery_pict', 'dom_target_upgrade', 'program_gall', 203, 180, '', 'crops/program_gall_program_gallery_pict_203_big.jpg', 'primary', 'primary', 9, 29, 0, 519, 365, 28, 0, 518, 365),
(893, '', 'big', 'program_gallery_pict', 'dom_target_upgrade', 'program_gall', 204, 181, '', 'crops/program_gall_program_gallery_pict_204_big.jpg', 'primary', 'primary', 9, 52, 0, 542, 365, 52, 0, 542, 365),
(894, '', 'big', 'program_gallery_pict', 'dom_target_upgrade', 'program_gall', 205, 182, '', 'crops/program_gall_program_gallery_pict_205_big.jpg', 'primary', 'primary', 9, 29, 0, 519, 365, 29, 0, 519, 365),
(895, '', 'big', 'program_gallery_pict', 'dom_target_upgrade', 'program_gall', 201, 178, '', 'crops/program_gall_program_gallery_pict_201_big.jpg', 'primary', 'primary', 9, 29, 0, 519, 365, 29, 0, 519, 365),
(896, '', 'big', 'program_gallery_pict', 'dom_target_upgrade', 'program_gall', 202, 179, '', 'crops/program_gall_program_gallery_pict_202_big.jpg', 'primary', 'primary', 9, 56, 0, 546, 365, 55, 0, 545, 365),
(897, '', 'medium', 'program_gallery_pict', 'dom_target_upgrade', 'program_gall', 203, 180, '', 'crops/program_gall_program_gallery_pict_203_medium.jpg', 'secondary', 'secondary', 9, 13, 0, 243, 170, 12, 0, 242, 170),
(898, '', 'medium', 'program_gallery_pict', 'dom_target_upgrade', 'program_gall', 205, 182, '', 'crops/program_gall_program_gallery_pict_205_medium.jpg', 'secondary', 'secondary', 9, 13, 0, 243, 170, 12, 0, 242, 170),
(899, '', 'medium', 'program_gallery_pict', 'dom_target_upgrade', 'program_gall', 204, 181, '', 'crops/program_gall_program_gallery_pict_204_medium.jpg', 'secondary', 'secondary', 9, 24, 0, 254, 170, 23, 0, 253, 170),
(900, '', 'medium', 'program_gallery_pict', 'dom_target_upgrade', 'program_gall', 202, 179, '', 'crops/program_gall_program_gallery_pict_202_medium.jpg', 'secondary', 'secondary', 9, 25, 0, 255, 170, 25, 0, 255, 170),
(901, '', 'medium', 'program_gallery_pict', 'dom_target_upgrade', 'program_gall', 201, 178, '', 'crops/program_gall_program_gallery_pict_201_medium.jpg', 'secondary', 'secondary', 9, 13, 0, 243, 170, 12, 0, 242, 170),
(902, '', 'small', 'program_gallery_pict', 'dom_target_upgrade', 'program_gall', 203, 180, '', 'crops/program_gall_program_gallery_pict_203_small.jpg', 'icon', 'icon', 9, -3, 0, 168, 110, -3, 0, 167, 110),
(903, '', 'small', 'program_gallery_pict', 'dom_target_upgrade', 'program_gall', 205, 182, '', 'crops/program_gall_program_gallery_pict_205_small.jpg', 'icon', 'icon', 9, -3, 0, 168, 110, -3, 0, 167, 110),
(904, '', 'small', 'program_gallery_pict', 'dom_target_upgrade', 'program_gall', 201, 178, '', 'crops/program_gall_program_gallery_pict_201_small.jpg', 'icon', 'icon', 9, -3, 0, 168, 110, -3, 0, 167, 110),
(905, '', 'small', 'program_gallery_pict', 'dom_target_upgrade', 'program_gall', 204, 181, '', 'crops/program_gall_program_gallery_pict_204_small.jpg', 'icon', 'icon', 9, 5, 0, 175, 110, 4, 0, 174, 110),
(906, '', 'small', 'program_gallery_pict', 'dom_target_upgrade', 'program_gall', 202, 179, '', 'crops/program_gall_program_gallery_pict_202_small.jpg', 'icon', 'icon', 9, 6, 0, 176, 110, 5, 0, 175, 110),
(907, '', 'big', 'atm_pict', 'static_good_atm', 'good_atm_gallery', 280, 189, '', 'placeholders/placeholder_470_310_808080.jpg', 'primary', 'primary', 0, 0, 0, 470, 310, 0, 0, 470, 310),
(908, '', 'medium', 'atm_pict', 'static_good_atm', 'good_atm_gallery', 280, 189, '', 'placeholders/placeholder_230_170_808080.jpg', 'secondary', 'secondary', 0, 0, 0, 230, 170, 0, 0, 230, 170),
(909, '', 'small', 'atm_pict', 'static_good_atm', 'good_atm_gallery', 280, 189, '', 'placeholders/placeholder_170_110_808080.jpg', 'icon', 'icon', 0, 0, 0, 170, 110, 0, 0, 170, 110),
(910, '', 'big', 'atm_pict', 'static_good_atm', 'good_atm_gallery', 281, 190, '', 'placeholders/placeholder_470_310_808080.jpg', 'primary', 'primary', 0, 0, 0, 470, 310, 0, 0, 470, 310),
(911, '', 'medium', 'atm_pict', 'static_good_atm', 'good_atm_gallery', 281, 190, '', 'placeholders/placeholder_230_170_808080.jpg', 'secondary', 'secondary', 0, 0, 0, 230, 170, 0, 0, 230, 170),
(912, '', 'small', 'atm_pict', 'static_good_atm', 'good_atm_gallery', 281, 190, '', 'placeholders/placeholder_170_110_808080.jpg', 'icon', 'icon', 0, 0, 0, 170, 110, 0, 0, 170, 110),
(913, '', 'big', 'atm_pict', 'static_good_atm', 'good_atm_gallery', 282, 191, '', 'placeholders/placeholder_470_310_808080.jpg', 'primary', 'primary', 0, 0, 0, 470, 310, 0, 0, 470, 310),
(914, '', 'medium', 'atm_pict', 'static_good_atm', 'good_atm_gallery', 282, 191, '', 'placeholders/placeholder_230_170_808080.jpg', 'secondary', 'secondary', 0, 0, 0, 230, 170, 0, 0, 230, 170),
(915, '', 'small', 'atm_pict', 'static_good_atm', 'good_atm_gallery', 282, 191, '', 'placeholders/placeholder_170_110_808080.jpg', 'icon', 'icon', 0, 0, 0, 170, 110, 0, 0, 170, 110),
(916, '', 'big', 'atm_pict', 'static_good_atm', 'good_atm_gallery', 283, 192, '', 'placeholders/placeholder_470_310_808080.jpg', 'primary', 'primary', 4, 0, 0, 470, 310, 0, 0, 470, 310),
(917, '', 'medium', 'atm_pict', 'static_good_atm', 'good_atm_gallery', 283, 192, '', 'placeholders/placeholder_230_170_808080.jpg', 'secondary', 'secondary', 4, 0, 0, 230, 170, 0, 0, 230, 170),
(918, '', 'small', 'atm_pict', 'static_good_atm', 'good_atm_gallery', 283, 192, '', 'placeholders/placeholder_170_110_808080.jpg', 'icon', 'icon', 4, 0, 0, 170, 110, 0, 0, 170, 110),
(919, '', 'big', 'atm_pict', 'static_good_atm', 'good_atm_gallery', 284, 193, '', 'placeholders/placeholder_470_310_808080.jpg', 'primary', 'primary', 4, 0, 0, 470, 310, 0, 0, 470, 310),
(920, '', 'medium', 'atm_pict', 'static_good_atm', 'good_atm_gallery', 284, 193, '', 'placeholders/placeholder_230_170_808080.jpg', 'secondary', 'secondary', 4, 0, 0, 230, 170, 0, 0, 230, 170),
(921, '', 'small', 'atm_pict', 'static_good_atm', 'good_atm_gallery', 284, 193, '', 'placeholders/placeholder_170_110_808080.jpg', 'icon', 'icon', 4, 0, 0, 170, 110, 0, 0, 170, 110),
(922, '', 'big', 'atm_pict', 'static_good_atm', 'good_atm_gallery', 285, 194, '', 'placeholders/placeholder_470_310_808080.jpg', 'primary', 'primary', 4, 0, 0, 470, 310, 0, 0, 470, 310),
(923, '', 'medium', 'atm_pict', 'static_good_atm', 'good_atm_gallery', 285, 194, '', 'placeholders/placeholder_230_170_808080.jpg', 'secondary', 'secondary', 4, 0, 0, 230, 170, 0, 0, 230, 170),
(924, '', 'small', 'atm_pict', 'static_good_atm', 'good_atm_gallery', 285, 194, '', 'placeholders/placeholder_170_110_808080.jpg', 'icon', 'icon', 4, 0, 0, 170, 110, 0, 0, 170, 110),
(925, '', 'big', 'atm_pict', 'static_good_atm', 'good_atm_gallery', 283, 192, '', 'crops/good_atm_gallery_atm_pict_283_big.jpg', 'primary', 'primary', 4, -3, 0, 468, 310, -3, 0, 467, 310),
(926, '', 'big', 'atm_pict', 'static_good_atm', 'good_atm_gallery', 284, 193, '', 'crops/good_atm_gallery_atm_pict_284_big.jpg', 'primary', 'primary', 4, -3, 0, 468, 310, -3, 0, 467, 310),
(927, '', 'big', 'atm_pict', 'static_good_atm', 'good_atm_gallery', 285, 194, '', 'crops/good_atm_gallery_atm_pict_285_big.jpg', 'primary', 'primary', 4, -3, 0, 468, 310, -3, 0, 467, 310),
(928, '', 'medium', 'atm_pict', 'static_good_atm', 'good_atm_gallery', 283, 192, '', 'crops/good_atm_gallery_atm_pict_283_medium.jpg', 'secondary', 'secondary', 4, 13, 0, 243, 170, 12, 0, 242, 170),
(929, '', 'medium', 'atm_pict', 'static_good_atm', 'good_atm_gallery', 285, 194, '', 'crops/good_atm_gallery_atm_pict_285_medium.jpg', 'secondary', 'secondary', 4, 13, 0, 243, 170, 12, 0, 242, 170),
(930, '', 'medium', 'atm_pict', 'static_good_atm', 'good_atm_gallery', 284, 193, '', 'crops/good_atm_gallery_atm_pict_284_medium.jpg', 'secondary', 'secondary', 4, 13, 0, 243, 170, 12, 0, 242, 170),
(931, '', 'small', 'atm_pict', 'static_good_atm', 'good_atm_gallery', 283, 192, '', 'crops/good_atm_gallery_atm_pict_283_small.jpg', 'icon', 'icon', 4, -3, 0, 168, 110, -3, 0, 167, 110),
(932, '', 'small', 'atm_pict', 'static_good_atm', 'good_atm_gallery', 285, 194, '', 'crops/good_atm_gallery_atm_pict_285_small.jpg', 'icon', 'icon', 4, -3, 0, 168, 110, -3, 0, 167, 110),
(933, '', 'small', 'atm_pict', 'static_good_atm', 'good_atm_gallery', 284, 193, '', 'crops/good_atm_gallery_atm_pict_284_small.jpg', 'icon', 'icon', 4, -3, 0, 168, 110, -3, 0, 167, 110),
(934, '', 'big', 'atm_pict', 'static_good_atm', 'good_atm_gallery', 280, 189, '', 'crops/good_atm_gallery_atm_pict_280_big.jpg', 'primary', 'primary', 0, -80, 0, 390, 310, -80, 0, 390, 310),
(935, '', 'medium', 'atm_pict', 'static_good_atm', 'good_atm_gallery', 280, 189, '', 'crops/good_atm_gallery_atm_pict_280_medium.jpg', 'secondary', 'secondary', 0, -30, 0, 200, 170, -30, 0, 200, 170),
(936, '', 'small', 'atm_pict', 'static_good_atm', 'good_atm_gallery', 280, 189, '', 'crops/good_atm_gallery_atm_pict_280_small.jpg', 'icon', 'icon', 0, -30, 0, 140, 110, -30, 0, 140, 110),
(937, '', 'big', 'atm_pict', 'static_good_atm', 'good_atm_gallery', 282, 191, '', 'crops/good_atm_gallery_atm_pict_282_big.jpg', 'primary', 'primary', 0, -80, 0, 390, 310, -80, 0, 390, 310),
(938, '', 'big', 'atm_pict', 'static_good_atm', 'good_atm_gallery', 281, 190, '', 'crops/good_atm_gallery_atm_pict_281_big.jpg', 'primary', 'primary', 0, -80, 0, 390, 310, -80, 0, 390, 310),
(939, '', 'medium', 'atm_pict', 'static_good_atm', 'good_atm_gallery', 282, 191, '', 'crops/good_atm_gallery_atm_pict_282_medium.jpg', 'secondary', 'secondary', 0, -30, 0, 200, 170, -30, 0, 200, 170),
(940, '', 'medium', 'atm_pict', 'static_good_atm', 'good_atm_gallery', 281, 190, '', 'crops/good_atm_gallery_atm_pict_281_medium.jpg', 'secondary', 'secondary', 0, -30, 0, 200, 170, -30, 0, 200, 170),
(941, '', 'small', 'atm_pict', 'static_good_atm', 'good_atm_gallery', 282, 191, '', 'crops/good_atm_gallery_atm_pict_282_small.jpg', 'icon', 'icon', 0, -30, 0, 140, 110, -30, 0, 140, 110),
(942, '', 'small', 'atm_pict', 'static_good_atm', 'good_atm_gallery', 281, 190, '', 'crops/good_atm_gallery_atm_pict_281_small.jpg', 'icon', 'icon', 0, -30, 0, 140, 110, -30, 0, 140, 110),
(943, '', 'big', 'atm_pict', 'static_good_atm', 'good_atm_gallery', 286, 195, '', 'placeholders/placeholder_470_310_808080.jpg', 'primary', 'primary', 1, 0, 0, 470, 310, 0, 0, 470, 310),
(944, '', 'medium', 'atm_pict', 'static_good_atm', 'good_atm_gallery', 286, 195, '', 'placeholders/placeholder_230_170_808080.jpg', 'secondary', 'secondary', 1, 0, 0, 230, 170, 0, 0, 230, 170),
(945, '', 'small', 'atm_pict', 'static_good_atm', 'good_atm_gallery', 286, 195, '', 'placeholders/placeholder_170_110_808080.jpg', 'icon', 'icon', 1, 0, 0, 170, 110, 0, 0, 170, 110),
(946, '', 'big', 'atm_pict', 'static_good_atm', 'good_atm_gallery', 287, 196, '', 'placeholders/placeholder_470_310_808080.jpg', 'primary', 'primary', 1, 0, 0, 470, 310, 0, 0, 470, 310),
(947, '', 'medium', 'atm_pict', 'static_good_atm', 'good_atm_gallery', 287, 196, '', 'placeholders/placeholder_230_170_808080.jpg', 'secondary', 'secondary', 1, 0, 0, 230, 170, 0, 0, 230, 170),
(948, '', 'small', 'atm_pict', 'static_good_atm', 'good_atm_gallery', 287, 196, '', 'placeholders/placeholder_170_110_808080.jpg', 'icon', 'icon', 1, 0, 0, 170, 110, 0, 0, 170, 110),
(949, '', 'big', 'atm_pict', 'static_good_atm', 'good_atm_gallery', 286, 195, '', 'crops/good_atm_gallery_atm_pict_286_big.jpg', 'primary', 'primary', 1, -3, 0, 468, 310, -3, 0, 467, 310),
(950, '', 'big', 'atm_pict', 'static_good_atm', 'good_atm_gallery', 287, 196, '', 'crops/good_atm_gallery_atm_pict_287_big.jpg', 'primary', 'primary', 1, -3, 0, 468, 310, -3, 0, 467, 310),
(951, '', 'medium', 'atm_pict', 'static_good_atm', 'good_atm_gallery', 286, 195, '', 'crops/good_atm_gallery_atm_pict_286_medium.jpg', 'secondary', 'secondary', 1, 13, 0, 243, 170, 12, 0, 242, 170),
(952, '', 'medium', 'atm_pict', 'static_good_atm', 'good_atm_gallery', 287, 196, '', 'crops/good_atm_gallery_atm_pict_287_medium.jpg', 'secondary', 'secondary', 1, 13, 0, 243, 170, 12, 0, 242, 170),
(953, '', 'small', 'atm_pict', 'static_good_atm', 'good_atm_gallery', 286, 195, '', 'crops/good_atm_gallery_atm_pict_286_small.jpg', 'icon', 'icon', 1, -3, 0, 168, 110, -3, 0, 167, 110),
(954, '', 'small', 'atm_pict', 'static_good_atm', 'good_atm_gallery', 287, 196, '', 'crops/good_atm_gallery_atm_pict_287_small.jpg', 'icon', 'icon', 1, -3, 0, 168, 110, -3, 0, 167, 110),
(955, '', 'big', 'program_gallery_pict', 'dom_target_upgrade', 'program_gall', 289, 197, '', 'placeholders/placeholder_490_365_808080.jpg', 'primary', 'primary', 14, 0, 0, 490, 365, 0, 0, 490, 365),
(956, '', 'medium', 'program_gallery_pict', 'dom_target_upgrade', 'program_gall', 289, 197, '', 'placeholders/placeholder_230_170_808080.jpg', 'secondary', 'secondary', 14, 0, 0, 230, 170, 0, 0, 230, 170),
(957, '', 'small', 'program_gallery_pict', 'dom_target_upgrade', 'program_gall', 289, 197, '', 'placeholders/placeholder_170_110_808080.jpg', 'icon', 'icon', 14, 0, 0, 170, 110, 0, 0, 170, 110),
(958, '', 'big', 'program_gallery_pict', 'dom_target_upgrade', 'program_gall', 290, 198, '', 'placeholders/placeholder_490_365_808080.jpg', 'primary', 'primary', 14, 0, 0, 490, 365, 0, 0, 490, 365),
(959, '', 'medium', 'program_gallery_pict', 'dom_target_upgrade', 'program_gall', 290, 198, '', 'placeholders/placeholder_230_170_808080.jpg', 'secondary', 'secondary', 14, 0, 0, 230, 170, 0, 0, 230, 170),
(960, '', 'small', 'program_gallery_pict', 'dom_target_upgrade', 'program_gall', 290, 198, '', 'placeholders/placeholder_170_110_808080.jpg', 'icon', 'icon', 14, 0, 0, 170, 110, 0, 0, 170, 110),
(961, '', 'big', 'program_gallery_pict', 'dom_target_upgrade', 'program_gall', 291, 199, '', 'placeholders/placeholder_490_365_808080.jpg', 'primary', 'primary', 14, 0, 0, 490, 365, 0, 0, 490, 365),
(962, '', 'medium', 'program_gallery_pict', 'dom_target_upgrade', 'program_gall', 291, 199, '', 'placeholders/placeholder_230_170_808080.jpg', 'secondary', 'secondary', 14, 0, 0, 230, 170, 0, 0, 230, 170),
(963, '', 'small', 'program_gallery_pict', 'dom_target_upgrade', 'program_gall', 291, 199, '', 'placeholders/placeholder_170_110_808080.jpg', 'icon', 'icon', 14, 0, 0, 170, 110, 0, 0, 170, 110),
(964, '', 'big', 'program_gallery_pict', 'dom_target_upgrade', 'program_gall', 292, 200, '', 'placeholders/placeholder_490_365_808080.jpg', 'primary', 'primary', 14, 0, 0, 490, 365, 0, 0, 490, 365),
(965, '', 'medium', 'program_gallery_pict', 'dom_target_upgrade', 'program_gall', 292, 200, '', 'placeholders/placeholder_230_170_808080.jpg', 'secondary', 'secondary', 14, 0, 0, 230, 170, 0, 0, 230, 170),
(966, '', 'small', 'program_gallery_pict', 'dom_target_upgrade', 'program_gall', 292, 200, '', 'placeholders/placeholder_170_110_808080.jpg', 'icon', 'icon', 14, 0, 0, 170, 110, 0, 0, 170, 110),
(967, '', 'big', 'program_gallery_pict', 'dom_target_upgrade', 'program_gall', 293, 201, '', 'placeholders/placeholder_490_365_808080.jpg', 'primary', 'primary', 9, 0, 0, 490, 365, 0, 0, 490, 365),
(968, '', 'medium', 'program_gallery_pict', 'dom_target_upgrade', 'program_gall', 293, 201, '', 'placeholders/placeholder_230_170_808080.jpg', 'secondary', 'secondary', 9, 0, 0, 230, 170, 0, 0, 230, 170),
(969, '', 'small', 'program_gallery_pict', 'dom_target_upgrade', 'program_gall', 293, 201, '', 'placeholders/placeholder_170_110_808080.jpg', 'icon', 'icon', 9, 0, 0, 170, 110, 0, 0, 170, 110),
(970, '', 'big', 'program_gallery_pict', 'dom_target_upgrade', 'program_gall', 290, 198, '', 'crops/program_gall_program_gallery_pict_290_big.jpg', 'primary', 'primary', 14, 2, 0, 492, 365, 2, 0, 492, 365),
(971, '', 'big', 'program_gallery_pict', 'dom_target_upgrade', 'program_gall', 293, 201, '', 'crops/program_gall_program_gallery_pict_293_big.jpg', 'primary', 'primary', 9, 2, 0, 492, 365, 2, 0, 492, 365),
(972, '', 'medium', 'program_gallery_pict', 'dom_target_upgrade', 'program_gall', 290, 198, '', 'crops/program_gall_program_gallery_pict_290_medium.jpg', 'secondary', 'secondary', 14, 0, 0, 230, 170, 0, 0, 230, 170),
(973, '', 'medium', 'program_gallery_pict', 'dom_target_upgrade', 'program_gall', 293, 201, '', 'crops/program_gall_program_gallery_pict_293_medium.jpg', 'secondary', 'secondary', 9, 0, 0, 230, 170, 0, 0, 230, 170),
(974, '', 'small', 'program_gallery_pict', 'dom_target_upgrade', 'program_gall', 290, 198, '', 'crops/program_gall_program_gallery_pict_290_small.jpg', 'icon', 'icon', 14, -11, 0, 160, 110, -11, 0, 159, 110),
(975, '', 'small', 'program_gallery_pict', 'dom_target_upgrade', 'program_gall', 293, 201, '', 'crops/program_gall_program_gallery_pict_293_small.jpg', 'icon', 'icon', 9, -11, 0, 160, 110, -11, 0, 159, 110),
(976, '', 'big', 'program_gallery_pict', 'dom_target_upgrade', 'program_gall', 289, 197, '', 'crops/program_gall_program_gallery_pict_289_big.jpg', 'primary', 'primary', 14, 0, 0, 490, 365, 0, 0, 490, 365),
(977, '', 'big', 'program_gallery_pict', 'dom_target_upgrade', 'program_gall', 291, 199, '', 'crops/program_gall_program_gallery_pict_291_big.jpg', 'primary', 'primary', 14, 128, 0, 618, 365, 128, 0, 618, 365),
(978, '', 'big', 'program_gallery_pict', 'dom_target_upgrade', 'program_gall', 292, 200, '', 'crops/program_gall_program_gallery_pict_292_big.jpg', 'primary', 'primary', 14, 38, 0, 528, 365, 37, 0, 527, 365),
(979, '', 'medium', 'program_gallery_pict', 'dom_target_upgrade', 'program_gall', 289, 197, '', 'crops/program_gall_program_gallery_pict_289_medium.jpg', 'secondary', 'secondary', 14, -1, 0, 229, 170, -1, 0, 229, 170),
(980, '', 'medium', 'program_gallery_pict', 'dom_target_upgrade', 'program_gall', 291, 199, '', 'crops/program_gall_program_gallery_pict_291_medium.jpg', 'secondary', 'secondary', 14, 59, 0, 289, 170, 58, 0, 288, 170),
(981, '', 'medium', 'program_gallery_pict', 'dom_target_upgrade', 'program_gall', 292, 200, '', 'crops/program_gall_program_gallery_pict_292_medium.jpg', 'secondary', 'secondary', 14, 17, 0, 247, 170, 16, 0, 246, 170),
(982, '', 'small', 'program_gallery_pict', 'dom_target_upgrade', 'program_gall', 289, 197, '', 'crops/program_gall_program_gallery_pict_289_small.jpg', 'icon', 'icon', 14, -11, 0, 159, 110, -11, 0, 159, 110),
(983, '', 'small', 'program_gallery_pict', 'dom_target_upgrade', 'program_gall', 291, 199, '', 'crops/program_gall_program_gallery_pict_291_small.jpg', 'icon', 'icon', 14, 28, 0, 198, 110, 27, 0, 197, 110),
(984, '', 'small', 'program_gallery_pict', 'dom_target_upgrade', 'program_gall', 292, 200, '', 'crops/program_gall_program_gallery_pict_292_small.jpg', 'icon', 'icon', 14, 0, 0, 170, 110, 0, 0, 170, 110),
(985, '', 'big', 'program_gallery_pict', 'dom_target_upgrade', 'program_gall', 294, 202, '', 'placeholders/placeholder_490_365_808080.jpg', 'primary', 'primary', 5, 0, 0, 490, 365, 0, 0, 490, 365),
(986, '', 'medium', 'program_gallery_pict', 'dom_target_upgrade', 'program_gall', 294, 202, '', 'placeholders/placeholder_230_170_808080.jpg', 'secondary', 'secondary', 5, 0, 0, 230, 170, 0, 0, 230, 170),
(987, '', 'small', 'program_gallery_pict', 'dom_target_upgrade', 'program_gall', 294, 202, '', 'placeholders/placeholder_170_110_808080.jpg', 'icon', 'icon', 5, 0, 0, 170, 110, 0, 0, 170, 110),
(988, '', 'big', 'program_gallery_pict', 'dom_target_upgrade', 'program_gall', 295, 203, '', 'placeholders/placeholder_490_365_808080.jpg', 'primary', 'primary', 5, 0, 0, 490, 365, 0, 0, 490, 365),
(989, '', 'medium', 'program_gallery_pict', 'dom_target_upgrade', 'program_gall', 295, 203, '', 'placeholders/placeholder_230_170_808080.jpg', 'secondary', 'secondary', 5, 0, 0, 230, 170, 0, 0, 230, 170),
(990, '', 'small', 'program_gallery_pict', 'dom_target_upgrade', 'program_gall', 295, 203, '', 'placeholders/placeholder_170_110_808080.jpg', 'icon', 'icon', 5, 0, 0, 170, 110, 0, 0, 170, 110),
(991, '', 'big', 'program_gallery_pict', 'dom_target_upgrade', 'program_gall', 296, 204, '', 'placeholders/placeholder_490_365_808080.jpg', 'primary', 'primary', 4, 0, 0, 490, 365, 0, 0, 490, 365),
(992, '', 'medium', 'program_gallery_pict', 'dom_target_upgrade', 'program_gall', 296, 204, '', 'placeholders/placeholder_230_170_808080.jpg', 'secondary', 'secondary', 4, 0, 0, 230, 170, 0, 0, 230, 170),
(993, '', 'small', 'program_gallery_pict', 'dom_target_upgrade', 'program_gall', 296, 204, '', 'placeholders/placeholder_170_110_808080.jpg', 'icon', 'icon', 4, 0, 0, 170, 110, 0, 0, 170, 110),
(994, '', 'big', 'program_gallery_pict', 'dom_target_upgrade', 'program_gall', 297, 205, '', 'placeholders/placeholder_490_365_808080.jpg', 'primary', 'primary', 3, 0, 0, 490, 365, 0, 0, 490, 365),
(995, '', 'medium', 'program_gallery_pict', 'dom_target_upgrade', 'program_gall', 297, 205, '', 'placeholders/placeholder_230_170_808080.jpg', 'secondary', 'secondary', 3, 0, 0, 230, 170, 0, 0, 230, 170),
(996, '', 'small', 'program_gallery_pict', 'dom_target_upgrade', 'program_gall', 297, 205, '', 'placeholders/placeholder_170_110_808080.jpg', 'icon', 'icon', 3, 0, 0, 170, 110, 0, 0, 170, 110),
(997, '', 'big', 'program_gallery_pict', 'dom_target_upgrade', 'program_gall', 298, 206, '', 'placeholders/placeholder_490_365_808080.jpg', 'primary', 'primary', 3, 0, 0, 490, 365, 0, 0, 490, 365),
(998, '', 'medium', 'program_gallery_pict', 'dom_target_upgrade', 'program_gall', 298, 206, '', 'placeholders/placeholder_230_170_808080.jpg', 'secondary', 'secondary', 3, 0, 0, 230, 170, 0, 0, 230, 170),
(999, '', 'small', 'program_gallery_pict', 'dom_target_upgrade', 'program_gall', 298, 206, '', 'placeholders/placeholder_170_110_808080.jpg', 'icon', 'icon', 3, 0, 0, 170, 110, 0, 0, 170, 110),
(1000, '', 'big', 'program_gallery_pict', 'dom_target_upgrade', 'program_gall', 298, 206, '', 'crops/program_gall_program_gallery_pict_298_big.jpg', 'primary', 'primary', 3, 11, 0, 501, 365, 10, 0, 500, 365),
(1001, '', 'big', 'program_gallery_pict', 'dom_target_upgrade', 'program_gall', 296, 204, '', 'crops/program_gall_program_gallery_pict_296_big.jpg', 'primary', 'primary', 4, 38, 0, 528, 365, 38, 0, 528, 365),
(1002, '', 'big', 'program_gallery_pict', 'dom_target_upgrade', 'program_gall', 297, 205, '', 'crops/program_gall_program_gallery_pict_297_big.jpg', 'primary', 'primary', 3, 38, 0, 528, 365, 38, 0, 528, 365),
(1003, '', 'big', 'program_gallery_pict', 'dom_target_upgrade', 'program_gall', 294, 202, '', 'crops/program_gall_program_gallery_pict_294_big.jpg', 'primary', 'primary', 5, 38, 0, 528, 365, 38, 0, 528, 365),
(1004, '', 'medium', 'program_gallery_pict', 'dom_target_upgrade', 'program_gall', 298, 206, '', 'crops/program_gall_program_gallery_pict_298_medium.jpg', 'secondary', 'secondary', 3, 4, 0, 234, 170, 4, 0, 234, 170),
(1005, '', 'big', 'program_gallery_pict', 'dom_target_upgrade', 'program_gall', 295, 203, '', 'crops/program_gall_program_gallery_pict_295_big.jpg', 'primary', 'primary', 5, 38, 0, 528, 365, 38, 0, 528, 365),
(1006, '', 'medium', 'program_gallery_pict', 'dom_target_upgrade', 'program_gall', 297, 205, '', 'crops/program_gall_program_gallery_pict_297_medium.jpg', 'secondary', 'secondary', 3, 17, 0, 247, 170, 17, 0, 247, 170),
(1007, '', 'medium', 'program_gallery_pict', 'dom_target_upgrade', 'program_gall', 296, 204, '', 'crops/program_gall_program_gallery_pict_296_medium.jpg', 'secondary', 'secondary', 4, 17, 0, 247, 170, 17, 0, 247, 170),
(1008, '', 'medium', 'program_gallery_pict', 'dom_target_upgrade', 'program_gall', 294, 202, '', 'crops/program_gall_program_gallery_pict_294_medium.jpg', 'secondary', 'secondary', 5, 17, 0, 247, 170, 17, 0, 247, 170),
(1009, '', 'small', 'program_gallery_pict', 'dom_target_upgrade', 'program_gall', 298, 206, '', 'crops/program_gall_program_gallery_pict_298_small.jpg', 'icon', 'icon', 3, -8, 0, 162, 110, -8, 0, 162, 110),
(1010, '', 'medium', 'program_gallery_pict', 'dom_target_upgrade', 'program_gall', 295, 203, '', 'crops/program_gall_program_gallery_pict_295_medium.jpg', 'secondary', 'secondary', 5, 17, 0, 247, 170, 17, 0, 247, 170),
(1011, '', 'small', 'program_gallery_pict', 'dom_target_upgrade', 'program_gall', 297, 205, '', 'crops/program_gall_program_gallery_pict_297_small.jpg', 'icon', 'icon', 3, 1, 0, 171, 110, 0, 0, 170, 110),
(1012, '', 'small', 'program_gallery_pict', 'dom_target_upgrade', 'program_gall', 296, 204, '', 'crops/program_gall_program_gallery_pict_296_small.jpg', 'icon', 'icon', 4, 1, 0, 171, 110, 0, 0, 170, 110),
(1013, '', 'small', 'program_gallery_pict', 'dom_target_upgrade', 'program_gall', 294, 202, '', 'crops/program_gall_program_gallery_pict_294_small.jpg', 'icon', 'icon', 5, 1, 0, 171, 110, 0, 0, 170, 110),
(1014, '', 'small', 'program_gallery_pict', 'dom_target_upgrade', 'program_gall', 295, 203, '', 'crops/program_gall_program_gallery_pict_295_small.jpg', 'icon', 'icon', 5, 1, 0, 171, 110, 0, 0, 170, 110);

-- --------------------------------------------------------

--
-- Структура таблицы `groups`
--

CREATE TABLE IF NOT EXISTS `groups` (
`id` int(10) unsigned NOT NULL,
  `slug` varchar(255) COLLATE utf8_unicode_ci NOT NULL,
  `owner_id` int(10) unsigned NOT NULL,
  `group_owner_name` varchar(255) COLLATE utf8_unicode_ci NOT NULL,
  `group_name` varchar(255) COLLATE utf8_unicode_ci NOT NULL,
  `block_name` varchar(255) COLLATE utf8_unicode_ci NOT NULL,
  `title` varchar(255) COLLATE utf8_unicode_ci NOT NULL,
  `sorter` int(11) NOT NULL,
  `show` tinyint(1) NOT NULL,
  `created_at` timestamp NOT NULL DEFAULT '0000-00-00 00:00:00',
  `updated_at` timestamp NOT NULL DEFAULT '0000-00-00 00:00:00'
) ENGINE=InnoDB AUTO_INCREMENT=358 DEFAULT CHARSET=utf8 COLLATE=utf8_unicode_ci;

--
-- Дамп данных таблицы `groups`
--

INSERT INTO `groups` (`id`, `slug`, `owner_id`, `group_owner_name`, `group_name`, `block_name`, `title`, `sorter`, `show`, `created_at`, `updated_at`) VALUES
(37, '', 0, '', 'features', 'static_about', '', 2, 0, '2016-05-17 10:48:41', '2016-05-17 10:48:42'),
(38, '', 0, '', 'features', 'static_about', '', 3, 0, '2016-05-17 10:48:43', '2016-05-17 10:48:43'),
(39, '', 0, '', 'features', 'static_about', '', 4, 0, '2016-05-17 10:48:44', '2016-05-17 10:48:45'),
(41, '', 0, '', 'features', 'static_about', '', 5, 0, '2016-05-18 02:24:12', '2016-05-18 02:24:12'),
(46, '', 0, '', 'good_atm_gallery', 'static_good_atm', '', 6, 0, '2016-05-18 02:27:02', '2016-05-18 02:27:02'),
(47, '', 0, '', 'good_atm_gallery', 'static_good_atm', '', 7, 0, '2016-05-18 02:27:04', '2016-05-18 02:27:04'),
(48, '', 0, '', 'good_atm_gallery', 'static_good_atm', '', 8, 0, '2016-05-18 02:27:05', '2016-05-18 02:27:05'),
(52, 'ranee', 0, '', 'upgrade_programs', 'dom_upgrade', '', 1, 0, '2016-05-18 02:29:17', '2016-07-21 06:02:42'),
(53, 'skoro', 0, '', 'upgrade_programs', 'dom_upgrade', '', 2, 0, '2016-05-18 02:29:18', '2016-07-21 06:04:19'),
(54, 'score_4_7', 0, '', 'upgrade_programs', 'dom_upgrade', '', 3, 0, '2016-05-18 02:29:20', '2016-07-21 06:05:00'),
(55, '', 0, '', 'program_type', 'dom_target_upgrade', '', 1, 0, '2016-05-18 02:35:16', '2016-05-18 02:35:16'),
(56, '', 0, '', 'program_type', 'dom_target_upgrade', '', 2, 0, '2016-05-18 02:35:18', '2016-05-18 02:35:18'),
(57, 'log_def', 56, '', 'upgrade_program', 'dom_target_upgrade', '', 1, 0, '2016-05-18 02:36:39', '2016-07-21 06:09:11'),
(58, 'ps', 56, '', 'upgrade_program', 'dom_target_upgrade', '', 2, 0, '2016-05-18 02:36:40', '2016-07-21 06:09:45'),
(59, 'prof', 56, '', 'upgrade_program', 'dom_target_upgrade', '', 3, 0, '2016-05-18 02:36:41', '2016-07-21 06:09:59'),
(60, 'subbotnyaya-gruppa', 55, '', 'upgrade_program', 'dom_target_upgrade', '', 1, 0, '2016-05-18 02:38:50', '2016-05-18 02:39:29'),
(62, 'rep', 55, '', 'upgrade_program', 'dom_target_upgrade', '', 3, 0, '2016-05-18 02:38:52', '2016-07-21 06:06:47'),
(63, 'mentalll', 55, '', 'upgrade_program', 'dom_target_upgrade', '', 4, 0, '2016-05-18 02:38:56', '2016-07-21 06:07:14'),
(65, 'yunye-hudozhniki', 55, '', 'upgrade_program', 'dom_target_upgrade', '', 6, 0, '2016-05-18 02:38:58', '2016-05-18 02:41:18'),
(66, 'anglijskij-yazyk', 55, '', 'upgrade_program', 'dom_target_upgrade', '', 7, 0, '2016-05-18 02:38:59', '2016-05-18 02:41:43'),
(67, '', 0, '', 'staff_list', 'dom_staff', '', 1, 0, '2016-05-18 02:42:20', '2016-05-18 02:42:21'),
(68, '', 0, '', 'staff_list', 'dom_staff', '', 2, 0, '2016-05-18 02:42:28', '2016-05-18 02:42:29'),
(69, '', 0, '', 'staff_list', 'dom_staff', '', 3, 0, '2016-05-18 02:42:30', '2016-05-18 02:42:31'),
(70, '', 0, '', 'staff_list', 'dom_staff', '', 4, 0, '2016-05-18 02:42:32', '2016-05-18 02:42:33'),
(72, '', 0, '', 'ask', 'fidback', '', 1, 0, '2016-05-18 03:12:27', '2016-05-18 03:12:28'),
(80, '', 53, '', 'program_educators', 'dom_upgrade', '', 1, 0, '2016-05-18 06:34:51', '2016-05-18 06:34:51'),
(85, '', 0, '', 'images_set', 'dom_all_images', '', 99, 1, '2016-05-18 06:52:27', '2016-05-18 06:52:27'),
(86, '', 0, '', 'images_set', 'dom_all_images', '', 99, 1, '2016-05-18 06:53:03', '2016-05-18 06:53:03'),
(87, '', 52, '', 'program_gallery', 'dom_upgrade', '', 1, 0, '2016-05-18 06:55:51', '2016-05-18 06:55:51'),
(88, '', 52, '', 'program_gallery', 'dom_upgrade', '', 2, 0, '2016-05-18 06:55:52', '2016-05-18 06:55:53'),
(89, '', 52, '', 'program_gallery', 'dom_upgrade', '', 3, 0, '2016-05-18 06:55:53', '2016-05-18 06:55:54'),
(90, '', 52, '', 'program_gallery', 'dom_upgrade', '', 4, 0, '2016-05-18 06:55:54', '2016-05-18 06:55:54'),
(91, '', 52, '', 'program_gallery', 'dom_upgrade', '', 5, 0, '2016-05-18 06:55:54', '2016-05-18 06:55:54'),
(95, '', 0, '', 'good_atm_gallery', 'static_good_atm', '', 9, 0, '2016-05-19 04:03:48', '2016-05-19 04:03:49'),
(96, '', 0, '', 'good_atm_gallery', 'static_good_atm', '', 10, 0, '2016-05-19 04:03:51', '2016-05-19 04:03:51'),
(97, '', 0, '', 'good_atm_gallery', 'static_good_atm', '', 11, 0, '2016-05-19 04:03:52', '2016-05-19 04:03:52'),
(98, '', 0, '', 'good_atm_gallery', 'static_good_atm', '', 12, 0, '2016-05-19 04:03:54', '2016-05-19 04:03:54'),
(99, '', 0, '', 'good_atm_gallery', 'static_good_atm', '', 13, 0, '2016-05-19 04:03:55', '2016-05-19 04:03:55'),
(100, '', 0, '', 'good_atm_gallery', 'static_good_atm', '', 14, 0, '2016-05-19 04:04:55', '2016-05-19 04:04:55'),
(101, '', 0, '', 'good_atm_gallery', 'static_good_atm', '', 15, 0, '2016-05-19 04:04:57', '2016-05-19 04:04:57'),
(102, '', 0, '', 'good_atm_gallery', 'static_good_atm', '', 16, 0, '2016-05-19 04:31:48', '2016-05-19 04:31:48'),
(103, '', 0, '', 'good_atm_gallery', 'static_good_atm', '', 17, 0, '2016-05-19 04:31:51', '2016-05-19 04:31:51'),
(104, '', 0, '', 'good_atm_gallery', 'static_good_atm', '', 18, 0, '2016-05-19 04:32:15', '2016-05-19 04:32:15'),
(105, '', 0, '', 'good_atm_gallery', 'static_good_atm', '', 19, 0, '2016-05-19 04:32:25', '2016-05-19 04:32:26'),
(106, '', 0, '', 'good_atm_gallery', 'static_good_atm', '', 20, 0, '2016-05-19 04:32:33', '2016-05-19 04:32:34'),
(107, '', 0, '', 'good_atm_gallery', 'static_good_atm', '', 21, 0, '2016-05-19 04:32:39', '2016-05-19 04:32:39'),
(108, '', 0, '', 'good_atm_gallery', 'static_good_atm', '', 22, 0, '2016-05-19 04:32:48', '2016-05-19 04:32:48'),
(109, '', 0, '', 'good_atm_gallery', 'static_good_atm', '', 23, 0, '2016-05-19 04:32:56', '2016-05-19 04:32:56'),
(110, '', 0, '', 'good_atm_gallery', 'static_good_atm', '', 24, 0, '2016-05-19 04:33:01', '2016-05-19 04:33:02'),
(111, '', 0, '', 'good_atm_gallery', 'static_good_atm', '', 25, 0, '2016-05-19 04:33:07', '2016-05-19 04:33:08'),
(112, '', 0, '', 'good_atm_gallery', 'static_good_atm', '', 26, 0, '2016-05-19 04:33:15', '2016-05-19 04:33:15'),
(113, '', 0, '', 'good_atm_gallery', 'static_good_atm', '', 27, 0, '2016-05-19 04:33:21', '2016-05-19 04:33:21'),
(114, '', 0, '', 'good_atm_gallery', 'static_good_atm', '', 28, 0, '2016-05-19 04:33:27', '2016-05-19 04:33:27'),
(115, '', 0, '', 'good_atm_gallery', 'static_good_atm', '', 29, 0, '2016-05-19 04:33:32', '2016-05-19 04:33:32'),
(116, '', 0, '', 'good_atm_gallery', 'static_good_atm', '', 30, 0, '2016-05-19 04:33:38', '2016-05-19 04:33:38'),
(117, '', 0, '', 'good_atm_gallery', 'static_good_atm', '', 31, 0, '2016-05-19 04:33:44', '2016-05-19 04:33:44'),
(118, 'pracladnoe', 55, '', 'upgrade_program', 'dom_target_upgrade', '', 8, 0, '2016-05-19 05:44:17', '2016-07-21 06:08:22'),
(119, '', 0, '', 'images_set', 'dom_all_images', '', 99, 1, '2016-05-19 05:57:41', '2016-05-19 05:57:43'),
(120, '', 0, '', 'images_set', 'dom_all_images', '', 99, 1, '2016-05-19 05:57:43', '2016-05-19 05:57:44'),
(121, '', 0, '', 'images_set', 'dom_all_images', '', 99, 1, '2016-05-19 06:01:06', '2016-05-19 06:01:07'),
(122, '', 0, '', 'images_set', 'dom_all_images', '', 99, 1, '2016-05-19 06:02:32', '2016-05-19 06:02:33'),
(123, '', 54, '', 'program_gallery', 'dom_upgrade', '', 1, 0, '2016-05-19 07:02:37', '2016-05-19 07:02:37'),
(124, '', 54, '', 'program_gallery', 'dom_upgrade', '', 2, 0, '2016-05-19 07:02:38', '2016-05-19 07:02:39'),
(125, '', 54, '', 'program_gallery', 'dom_upgrade', '', 3, 0, '2016-05-19 07:02:39', '2016-05-19 07:02:39'),
(126, '', 54, '', 'program_gallery', 'dom_upgrade', '', 4, 0, '2016-05-19 07:02:40', '2016-05-19 07:02:40'),
(127, '', 54, '', 'program_gallery', 'dom_upgrade', '', 5, 0, '2016-05-19 07:02:41', '2016-05-19 07:02:41'),
(136, '', 53, '', 'program_gallery', 'dom_upgrade', '', 1, 0, '2016-05-19 07:16:02', '2016-05-19 07:16:02'),
(137, '', 53, '', 'program_gallery', 'dom_upgrade', '', 2, 0, '2016-05-19 07:16:03', '2016-05-19 07:16:03'),
(138, '', 53, '', 'program_gallery', 'dom_upgrade', '', 3, 0, '2016-05-19 07:16:03', '2016-05-19 07:16:03'),
(139, '', 53, '', 'program_gallery', 'dom_upgrade', '', 4, 0, '2016-05-19 07:16:04', '2016-05-19 07:16:04'),
(140, '', 53, '', 'program_gallery', 'dom_upgrade', '', 5, 0, '2016-05-19 07:16:04', '2016-05-19 07:16:04'),
(155, '', 60, '', 'program_gall', 'dom_target_upgrade', '', 1, 0, '2016-05-19 07:34:58', '2016-05-19 07:34:58'),
(156, '', 60, '', 'program_gall', 'dom_target_upgrade', '', 2, 0, '2016-05-19 07:34:59', '2016-05-19 07:34:59'),
(157, '', 60, '', 'program_gall', 'dom_target_upgrade', '', 3, 0, '2016-05-19 07:35:00', '2016-05-19 07:35:00'),
(158, '', 60, '', 'program_gall', 'dom_target_upgrade', '', 4, 0, '2016-05-19 07:35:00', '2016-05-19 07:35:01'),
(159, '', 60, '', 'program_gall', 'dom_target_upgrade', '', 5, 0, '2016-05-19 07:35:01', '2016-05-19 07:35:02'),
(160, '', 62, '', 'program_gall', 'dom_target_upgrade', '', 1, 0, '2016-05-19 07:35:54', '2016-05-19 07:35:54'),
(161, '', 62, '', 'program_gall', 'dom_target_upgrade', '', 2, 0, '2016-05-19 07:35:55', '2016-05-19 07:35:55'),
(162, '', 62, '', 'program_gall', 'dom_target_upgrade', '', 3, 0, '2016-05-19 07:35:56', '2016-05-19 07:35:56'),
(163, '', 62, '', 'program_gall', 'dom_target_upgrade', '', 4, 0, '2016-05-19 07:35:56', '2016-05-19 07:35:56'),
(164, '', 62, '', 'program_gall', 'dom_target_upgrade', '', 5, 0, '2016-05-19 07:35:57', '2016-05-19 07:35:57'),
(166, '', 63, '', 'program_gall', 'dom_target_upgrade', '', 1, 0, '2016-05-19 07:37:00', '2016-05-19 07:37:00'),
(167, '', 63, '', 'program_gall', 'dom_target_upgrade', '', 2, 0, '2016-05-19 07:37:00', '2016-05-19 07:37:01'),
(168, '', 63, '', 'program_gall', 'dom_target_upgrade', '', 3, 0, '2016-05-19 07:37:02', '2016-05-19 07:37:02'),
(169, '', 63, '', 'program_gall', 'dom_target_upgrade', '', 4, 0, '2016-05-19 07:37:02', '2016-05-19 07:37:02'),
(170, '', 63, '', 'program_gall', 'dom_target_upgrade', '', 5, 0, '2016-05-19 07:37:03', '2016-05-19 07:37:03'),
(176, '', 65, '', 'program_gall', 'dom_target_upgrade', '', 1, 0, '2016-05-19 07:39:10', '2016-05-19 07:39:10'),
(177, '', 65, '', 'program_gall', 'dom_target_upgrade', '', 2, 0, '2016-05-19 07:39:11', '2016-05-19 07:39:11'),
(178, '', 65, '', 'program_gall', 'dom_target_upgrade', '', 3, 0, '2016-05-19 07:39:11', '2016-05-19 07:39:11'),
(179, '', 65, '', 'program_gall', 'dom_target_upgrade', '', 4, 0, '2016-05-19 07:39:12', '2016-05-19 07:39:12'),
(180, '', 65, '', 'program_gall', 'dom_target_upgrade', '', 5, 0, '2016-05-19 07:39:13', '2016-05-19 07:39:13'),
(181, '', 66, '', 'program_gall', 'dom_target_upgrade', '', 1, 0, '2016-05-19 07:41:17', '2016-05-19 07:41:17'),
(182, '', 66, '', 'program_gall', 'dom_target_upgrade', '', 2, 0, '2016-05-19 07:41:18', '2016-05-19 07:41:18'),
(183, '', 66, '', 'program_gall', 'dom_target_upgrade', '', 3, 0, '2016-05-19 07:41:38', '2016-05-19 07:41:38'),
(184, '', 66, '', 'program_gall', 'dom_target_upgrade', '', 4, 0, '2016-05-19 07:41:39', '2016-05-19 07:41:40'),
(185, '', 66, '', 'program_gall', 'dom_target_upgrade', '', 5, 0, '2016-05-19 07:41:41', '2016-05-19 07:41:41'),
(186, '', 118, '', 'program_gall', 'dom_target_upgrade', '', 1, 0, '2016-05-19 07:43:28', '2016-05-19 07:43:29'),
(187, '', 118, '', 'program_gall', 'dom_target_upgrade', '', 2, 0, '2016-05-19 07:43:54', '2016-05-19 07:43:54'),
(188, '', 118, '', 'program_gall', 'dom_target_upgrade', '', 3, 0, '2016-05-19 07:43:55', '2016-05-19 07:43:55'),
(189, '', 118, '', 'program_gall', 'dom_target_upgrade', '', 4, 0, '2016-05-19 07:43:56', '2016-05-19 07:43:56'),
(190, '', 118, '', 'program_gall', 'dom_target_upgrade', '', 5, 0, '2016-05-19 07:43:57', '2016-05-19 07:43:57'),
(191, '', 57, '', 'program_gall', 'dom_target_upgrade', '', 1, 0, '2016-05-19 07:46:21', '2016-05-19 07:46:21'),
(192, '', 57, '', 'program_gall', 'dom_target_upgrade', '', 2, 0, '2016-05-19 07:46:22', '2016-05-19 07:46:22'),
(193, '', 57, '', 'program_gall', 'dom_target_upgrade', '', 3, 0, '2016-05-19 07:46:22', '2016-05-19 07:46:22'),
(194, '', 57, '', 'program_gall', 'dom_target_upgrade', '', 4, 0, '2016-05-19 07:46:23', '2016-05-19 07:46:23'),
(195, '', 57, '', 'program_gall', 'dom_target_upgrade', '', 5, 0, '2016-05-19 07:46:24', '2016-05-19 07:46:24'),
(201, '', 59, '', 'program_gall', 'dom_target_upgrade', '', 1, 0, '2016-05-19 07:48:15', '2016-05-19 07:48:15'),
(202, '', 59, '', 'program_gall', 'dom_target_upgrade', '', 2, 0, '2016-05-19 07:48:15', '2016-05-19 07:48:15'),
(203, '', 59, '', 'program_gall', 'dom_target_upgrade', '', 3, 0, '2016-05-19 07:48:16', '2016-05-19 07:48:16'),
(204, '', 59, '', 'program_gall', 'dom_target_upgrade', '', 4, 0, '2016-05-19 07:48:16', '2016-05-19 07:48:16'),
(205, '', 59, '', 'program_gall', 'dom_target_upgrade', '', 5, 0, '2016-05-19 07:48:17', '2016-05-19 07:48:17'),
(213, '', 57, '', 'target_program_educators', 'dom_target_upgrade', '', 1, 0, '2016-05-19 07:51:06', '2016-05-19 07:51:06'),
(214, '', 118, '', 'target_program_educators', 'dom_target_upgrade', '', 1, 0, '2016-05-19 07:51:20', '2016-05-19 07:51:20'),
(216, '', 65, '', 'target_program_educators', 'dom_target_upgrade', '', 1, 0, '2016-05-19 07:51:26', '2016-05-19 07:51:26'),
(219, '', 62, '', 'target_program_educators', 'dom_target_upgrade', '', 1, 0, '2016-05-19 07:51:53', '2016-05-19 07:51:53'),
(221, '', 60, '', 'target_program_educators', 'dom_target_upgrade', '', 1, 0, '2016-05-19 07:51:56', '2016-05-19 07:51:56'),
(223, '', 52, '', 'program_educators', 'dom_upgrade', '', 1, 0, '2016-05-19 07:52:39', '2016-05-19 07:52:39'),
(224, '', 54, '', 'program_educators', 'dom_upgrade', '', 1, 0, '2016-05-19 07:52:59', '2016-05-19 07:52:59'),
(226, '', 0, '', 'ask', 'fidback', '', 2, 0, '2016-05-22 16:01:12', '2016-05-22 16:01:13'),
(227, '', 0, '', 'ask', 'fidback', '', 3, 0, '2016-05-23 01:53:22', '2016-05-23 01:53:22'),
(228, '', 0, '', 'ask', 'fidback', '', 4, 0, '2016-05-23 01:56:43', '2016-05-23 01:56:44'),
(229, '', 0, '', 'ask', 'fidback', '', 5, 0, '2016-05-23 02:01:21', '2016-05-23 02:01:22'),
(230, '', 0, '', 'ask', 'fidback', '', 6, 0, '2016-05-23 02:17:43', '2016-05-23 02:17:44'),
(231, '', 0, '', 'ask', 'fidback', '', 7, 0, '2016-05-23 02:26:55', '2016-05-23 02:26:55'),
(232, '', 0, '', 'ask', 'fidback', '', 8, 0, '2016-05-23 02:57:08', '2016-05-23 02:57:08'),
(233, '', 0, '', 'ask', 'fidback', '', 9, 0, '2016-05-23 02:58:59', '2016-05-23 02:58:59'),
(234, '', 0, '', 'ask', 'fidback', '', 10, 0, '2016-05-23 03:00:18', '2016-05-23 03:00:19'),
(235, '', 0, '', 'ask', 'fidback', '', 11, 0, '2016-05-23 03:00:38', '2016-05-23 03:00:38'),
(236, '', 0, '', 'ask', 'fidback', '', 12, 0, '2016-05-23 03:02:22', '2016-05-23 03:02:22'),
(237, '', 0, '', 'ask', 'fidback', '', 13, 0, '2016-05-23 03:22:40', '2016-05-23 03:22:41'),
(238, '', 0, '', 'ask', 'fidback', '', 14, 0, '2016-05-23 03:57:53', '2016-05-23 03:57:54'),
(239, '', 0, '', 'ask', 'fidback', '', 15, 0, '2016-05-23 04:10:17', '2016-05-23 04:10:18'),
(240, '', 0, '', 'ask', 'fidback', '', 16, 0, '2016-05-23 04:22:01', '2016-05-23 04:22:03'),
(241, '', 0, '', 'ask', 'fidback', '', 17, 0, '2016-05-23 04:37:33', '2016-05-23 04:37:34'),
(242, '', 0, '', 'ask', 'fidback', '', 18, 0, '2016-05-23 04:45:52', '2016-05-23 04:45:52'),
(243, '', 0, '', 'ask', 'fidback', '', 19, 0, '2016-05-23 05:08:53', '2016-05-23 05:08:53'),
(244, '', 0, '', 'ask', 'fidback', '', 20, 0, '2016-05-23 05:18:12', '2016-05-23 05:18:12'),
(245, '', 0, '', 'ask', 'fidback', '', 21, 0, '2016-05-23 07:50:31', '2016-05-23 07:50:31'),
(246, '', 0, '', 'ask', 'fidback', '', 22, 0, '2016-05-23 07:51:58', '2016-05-23 07:51:59'),
(247, '', 0, '', 'ask', 'fidback', '', 23, 0, '2016-05-23 07:53:49', '2016-05-23 07:53:49'),
(248, '', 0, '', 'ask', 'fidback', '', 24, 0, '2016-05-23 07:56:34', '2016-05-23 07:56:38'),
(249, '', 0, '', 'ask', 'fidback', '', 25, 0, '2016-05-23 08:02:02', '2016-05-23 08:02:03'),
(250, '', 0, '', 'ask', 'fidback', '', 26, 0, '2016-05-23 08:11:37', '2016-05-23 08:11:37'),
(251, '', 0, '', 'ask', 'fidback', '', 27, 0, '2016-05-23 08:12:34', '2016-05-23 08:12:35'),
(252, '', 0, '', 'ask', 'fidback', '', 28, 0, '2016-05-23 08:13:18', '2016-05-23 08:13:18'),
(253, '', 0, '', 'ask', 'fidback', '', 29, 0, '2016-05-23 08:15:10', '2016-05-23 08:15:10'),
(254, '', 0, '', 'ask', 'fidback', '', 30, 0, '2016-05-23 08:16:23', '2016-05-23 08:16:24'),
(255, '', 0, '', 'ask', 'fidback', '', 31, 0, '2016-05-23 08:30:35', '2016-05-23 08:30:35'),
(256, '', 0, '', 'ask', 'fidback', '', 32, 0, '2016-05-23 08:31:38', '2016-05-23 08:31:39'),
(257, '', 0, '', 'ask', 'fidback', '', 33, 0, '2016-05-23 08:33:15', '2016-05-23 08:33:16'),
(258, '', 0, '', 'ask', 'fidback', '', 34, 0, '2016-05-23 08:34:56', '2016-05-23 08:34:56'),
(259, '', 0, '', 'ask', 'fidback', '', 35, 0, '2016-05-23 08:35:49', '2016-05-23 08:35:50'),
(260, '', 0, '', 'ask', 'fidback', '', 36, 0, '2016-05-23 08:37:29', '2016-05-23 08:37:29'),
(261, '', 0, '', 'ask', 'fidback', '', 37, 0, '2016-05-23 08:47:08', '2016-05-23 08:47:09'),
(262, '', 0, '', 'ask', 'fidback', '', 38, 0, '2016-05-23 09:06:25', '2016-05-23 09:06:26'),
(263, '', 0, '', 'ask', 'fidback', '', 39, 0, '2016-05-23 09:43:34', '2016-05-23 09:43:35'),
(264, '', 0, '', 'ask', 'fidback', '', 40, 0, '2016-05-23 09:48:23', '2016-05-23 09:48:24'),
(265, '', 0, '', 'ask', 'fidback', '', 41, 0, '2016-05-23 09:49:54', '2016-05-23 09:49:54'),
(266, '', 0, '', 'ask', 'fidback', '', 42, 0, '2016-05-23 09:58:12', '2016-05-23 09:58:12'),
(267, '', 0, '', 'ask', 'fidback', '', 43, 0, '2016-05-23 10:01:43', '2016-05-23 10:01:43'),
(268, '', 0, '', 'ask', 'fidback', '', 44, 0, '2016-05-23 10:14:32', '2016-05-23 10:14:33'),
(269, '', 0, '', 'ask', 'fidback', '', 45, 0, '2016-05-24 02:42:30', '2016-05-24 02:42:30'),
(270, '', 0, '', 'ask', 'fidback', '', 46, 0, '2016-05-24 02:50:30', '2016-05-24 02:50:31'),
(271, '', 0, '', 'ask', 'fidback', '', 47, 0, '2016-05-24 03:01:06', '2016-05-24 03:01:07'),
(272, '', 0, '', 'ask', 'fidback', '', 48, 0, '2016-05-24 03:02:12', '2016-05-24 03:02:12'),
(273, '', 0, '', 'ask', 'fidback', '', 49, 0, '2016-05-24 03:07:40', '2016-05-24 03:07:40'),
(274, '', 0, '', 'ask', 'fidback', '', 50, 0, '2016-05-24 05:35:19', '2016-05-24 05:35:19'),
(275, '', 60, '', 'target_program_educators', 'dom_target_upgrade', '', 2, 0, '2016-05-31 07:48:10', '2016-05-31 07:48:11'),
(276, '', 60, '', 'target_program_educators', 'dom_target_upgrade', '', 3, 0, '2016-05-31 07:48:12', '2016-05-31 07:48:12'),
(277, '', 60, '', 'target_program_educators', 'dom_target_upgrade', '', 4, 0, '2016-05-31 07:48:13', '2016-05-31 07:48:13'),
(278, '', 0, '', 'staff_list', 'dom_staff', '', 6, 0, '2016-05-31 07:49:12', '2016-05-31 07:49:13'),
(279, '', 62, '', 'target_program_educators', 'dom_target_upgrade', '', 2, 0, '2016-05-31 07:53:25', '2016-05-31 07:53:25'),
(280, '', 0, '', 'good_atm_gallery', 'static_good_atm', '', 32, 0, '2016-06-01 05:31:45', '2016-06-01 05:31:45'),
(281, '', 0, '', 'good_atm_gallery', 'static_good_atm', '', 33, 0, '2016-06-01 05:31:47', '2016-06-01 05:31:47'),
(282, '', 0, '', 'good_atm_gallery', 'static_good_atm', '', 34, 0, '2016-06-01 05:31:48', '2016-06-01 05:31:49'),
(283, '', 0, '', 'good_atm_gallery', 'static_good_atm', '', 35, 0, '2016-06-01 05:33:45', '2016-06-01 05:33:45'),
(284, '', 0, '', 'good_atm_gallery', 'static_good_atm', '', 36, 0, '2016-06-01 05:33:47', '2016-06-01 05:33:47'),
(285, '', 0, '', 'good_atm_gallery', 'static_good_atm', '', 37, 0, '2016-06-01 05:33:48', '2016-06-01 05:33:49'),
(286, '', 0, '', 'good_atm_gallery', 'static_good_atm', '', 38, 0, '2016-06-01 05:43:17', '2016-06-01 05:43:17'),
(287, '', 0, '', 'good_atm_gallery', 'static_good_atm', '', 39, 0, '2016-06-01 05:43:19', '2016-06-01 05:43:19'),
(288, 'skorochtenie', 55, '', 'upgrade_program', 'dom_target_upgrade', '', 9, 0, '2016-06-28 03:36:59', '2016-06-28 03:39:19'),
(289, '', 288, '', 'program_gall', 'dom_target_upgrade', '', 1, 0, '2016-06-28 03:39:46', '2016-06-28 03:39:46'),
(290, '', 288, '', 'program_gall', 'dom_target_upgrade', '', 2, 0, '2016-06-28 03:39:49', '2016-06-28 03:39:49'),
(291, '', 288, '', 'program_gall', 'dom_target_upgrade', '', 3, 0, '2016-06-28 03:39:50', '2016-06-28 03:39:50'),
(292, '', 288, '', 'program_gall', 'dom_target_upgrade', '', 4, 0, '2016-06-28 03:39:51', '2016-06-28 03:39:51'),
(293, '', 288, '', 'program_gall', 'dom_target_upgrade', '', 5, 0, '2016-06-28 03:39:51', '2016-06-28 03:39:51'),
(294, '', 58, '', 'program_gall', 'dom_target_upgrade', '', 1, 0, '2016-06-28 04:51:14', '2016-06-28 04:51:14'),
(295, '', 58, '', 'program_gall', 'dom_target_upgrade', '', 2, 0, '2016-06-28 04:51:15', '2016-06-28 04:51:15'),
(296, '', 58, '', 'program_gall', 'dom_target_upgrade', '', 3, 0, '2016-06-28 04:51:16', '2016-06-28 04:51:16'),
(297, '', 58, '', 'program_gall', 'dom_target_upgrade', '', 4, 0, '2016-06-28 04:51:16', '2016-06-28 04:51:17'),
(298, '', 58, '', 'program_gall', 'dom_target_upgrade', '', 5, 0, '2016-06-28 04:51:17', '2016-06-28 04:51:17'),
(299, '', 0, '', 'images_set', 'dom_all_images', '', 99, 1, '2016-06-30 06:00:45', '2016-06-30 06:00:45'),
(300, '', 0, '', 'images_set', 'dom_all_images', '', 99, 1, '2016-06-30 06:01:18', '2016-06-30 06:01:19'),
(301, '', 0, '', 'images_set', 'dom_all_images', '', 99, 1, '2016-06-30 06:01:39', '2016-06-30 06:01:39'),
(302, '', 0, '', 'images_set', 'dom_all_images', '', 99, 1, '2016-06-30 06:10:35', '2016-06-30 06:10:35'),
(303, '', 0, '', 'images_set', 'dom_all_images', '', 99, 1, '2016-06-30 06:12:46', '2016-06-30 06:12:46'),
(304, '', 0, '', 'images_set', 'dom_all_images', '', 99, 1, '2016-06-30 07:38:37', '2016-06-30 07:38:37'),
(305, '', 0, '', 'images_set', 'dom_all_images', '', 99, 1, '2016-06-30 07:41:14', '2016-06-30 07:41:14'),
(306, '', 0, '', 'images_set', 'dom_all_images', '', 99, 1, '2016-06-30 08:15:22', '2016-06-30 08:15:22'),
(307, '', 0, '', 'images_set', 'dom_all_images', '', 99, 1, '2016-06-30 08:15:25', '2016-06-30 08:15:25'),
(308, '', 0, '', 'images_set', 'dom_all_images', '', 99, 1, '2016-06-30 08:15:48', '2016-06-30 08:15:48'),
(309, '', 0, '', 'images_set', 'dom_all_images', '', 99, 1, '2016-06-30 08:16:04', '2016-06-30 08:16:05'),
(310, '', 0, '', 'images_set', 'dom_all_images', '', 99, 1, '2016-06-30 08:16:16', '2016-06-30 08:16:17'),
(311, '', 0, '', 'images_set', 'dom_all_images', '', 99, 1, '2016-06-30 08:16:28', '2016-06-30 08:16:28'),
(312, '', 0, '', 'staff_list', 'dom_staff', '', 7, 0, '2016-07-04 02:06:42', '2016-07-04 02:06:43'),
(313, '', 57, '', 'target_program_educators', 'dom_target_upgrade', '', 2, 0, '2016-07-04 02:30:43', '2016-07-04 02:30:43'),
(314, '', 0, '', 'images_set', 'dom_all_images', '', 99, 1, '2016-07-04 02:50:09', '2016-07-04 02:50:09'),
(315, '', 0, '', 'images_set', 'dom_all_images', '', 99, 1, '2016-07-04 02:50:17', '2016-07-04 02:50:18'),
(316, '', 53, '', 'program_educators', 'dom_upgrade', '', 2, 0, '2016-07-04 02:55:48', '2016-07-04 02:55:48'),
(317, '', 0, '', 'ask', 'fidback', '', 51, 0, '2016-07-11 06:43:07', '2016-07-11 06:43:08'),
(318, '', 0, '', 'ask', 'fidback', '', 52, 0, '2016-07-11 06:48:52', '2016-07-11 06:48:53'),
(319, '', 0, '', 'ask', 'fidback', '', 53, 0, '2016-08-10 00:35:37', '2016-08-10 00:35:38'),
(320, '', 0, '', 'lesson', 'fidback', '', 1, 0, '2016-08-24 11:26:11', '2016-08-24 11:26:11'),
(321, '', 0, '', 'lesson', 'fidback', '', 2, 0, '2016-08-24 11:26:14', '2016-08-24 11:26:14'),
(322, '', 0, '', 'ask', 'fidback', '', 54, 0, '2016-08-27 08:40:49', '2016-08-27 08:40:49'),
(323, '', 0, '', 'lesson', 'fidback', '', 3, 0, '2016-08-30 07:04:00', '2016-08-30 07:04:00'),
(324, '', 0, '', 'ask', 'fidback', '', 55, 0, '2016-09-07 01:07:23', '2016-09-07 01:07:23'),
(325, '', 0, '', 'lesson', 'fidback', '', 4, 0, '2016-09-30 05:19:38', '2016-09-30 05:19:38'),
(326, '', 0, '', 'ask', 'fidback', '', 56, 0, '2016-10-04 03:25:53', '2016-10-04 03:25:53'),
(327, '', 0, '', 'lesson', 'fidback', '', 5, 0, '2016-10-13 03:16:36', '2016-10-13 03:16:36'),
(328, '', 0, '', 'ask', 'fidback', '', 57, 0, '2016-10-17 05:12:25', '2016-10-17 05:12:25'),
(329, '', 0, '', 'lesson', 'fidback', '', 6, 0, '2016-10-24 09:02:55', '2016-10-24 09:02:56'),
(330, '', 0, '', 'ask', 'fidback', '', 58, 0, '2016-11-02 11:31:54', '2016-11-02 11:31:54'),
(331, '', 0, '', 'lesson', 'fidback', '', 7, 0, '2016-11-14 06:03:33', '2016-11-14 06:03:33'),
(332, '', 0, '', 'lesson', 'fidback', '', 8, 0, '2016-11-23 05:09:15', '2016-11-23 05:09:15'),
(334, '', 0, '', 'staff_list', 'dom_staff', '', 8, 0, '2016-12-05 04:23:16', '2016-12-05 04:23:16'),
(335, '', 0, '', 'images_set', 'dom_all_images', '', 100, 0, '2016-12-05 04:42:38', '2016-12-05 04:42:38'),
(336, '', 0, '', 'images_set', 'dom_all_images', '', 101, 0, '2016-12-05 04:42:57', '2016-12-05 04:42:57'),
(337, '', 0, '', 'images_set', 'dom_all_images', '', 102, 0, '2016-12-05 04:43:13', '2016-12-05 04:43:13'),
(338, '', 0, '', 'images_set', 'dom_all_images', '', 103, 0, '2016-12-05 04:43:21', '2016-12-05 04:43:21'),
(339, '', 0, '', 'images_set', 'dom_all_images', '', 104, 0, '2016-12-05 04:43:22', '2016-12-05 04:43:22'),
(340, '', 0, '', 'images_set', 'dom_all_images', '', 105, 0, '2016-12-05 04:43:23', '2016-12-05 04:43:23'),
(341, '', 0, '', 'images_set', 'dom_all_images', '', 106, 0, '2016-12-05 04:43:37', '2016-12-05 04:43:37'),
(342, '', 0, '', 'images_set', 'dom_all_images', '', 107, 0, '2016-12-05 04:43:54', '2016-12-05 04:43:54'),
(343, '', 0, '', 'images_set', 'dom_all_images', '', 108, 0, '2016-12-05 04:45:54', '2016-12-05 04:45:54'),
(344, '', 0, '', 'images_set', 'dom_all_images', '', 109, 0, '2016-12-05 04:45:55', '2016-12-05 04:45:55'),
(345, '', 0, '', 'images_set', 'dom_all_images', '', 110, 0, '2016-12-05 04:45:58', '2016-12-05 04:45:58'),
(346, '', 0, '', 'images_set', 'dom_all_images', '', 111, 0, '2016-12-05 05:11:43', '2016-12-05 05:11:43'),
(347, '', 0, '', 'images_set', 'dom_all_images', '', 112, 0, '2016-12-05 05:12:27', '2016-12-05 05:12:27'),
(348, '', 0, '', 'images_set', 'dom_all_images', '', 113, 0, '2016-12-05 05:12:40', '2016-12-05 05:12:40'),
(349, '', 0, '', 'images_set', 'dom_all_images', '', 114, 0, '2016-12-05 05:12:49', '2016-12-05 05:12:49'),
(350, '', 0, '', 'images_set', 'dom_all_images', '', 115, 0, '2016-12-05 05:19:10', '2016-12-05 05:19:11'),
(351, '', 0, '', 'images_set', 'dom_all_images', '', 99, 1, '2016-12-05 05:23:43', '2016-12-05 05:23:43'),
(352, '', 0, '', 'images_set', 'dom_all_images', '', 99, 1, '2016-12-05 05:30:50', '2016-12-05 05:30:50'),
(353, '', 0, '', 'images_set', 'dom_all_images', '', 99, 1, '2016-12-05 05:35:57', '2016-12-05 05:35:57'),
(354, '', 54, '', 'program_educators', 'dom_upgrade', '', 2, 0, '2016-12-05 05:40:54', '2016-12-05 05:40:54'),
(355, '', 0, '', 'ask', 'fidback', '', 59, 0, '2016-12-22 23:47:48', '2016-12-22 23:47:48'),
(356, '', 0, '', 'lesson', 'fidback', '', 9, 0, '2017-01-05 07:01:56', '2017-01-05 07:01:56'),
(357, '', 0, '', 'lesson', 'fidback', '', 10, 0, '2017-01-08 07:13:07', '2017-01-08 07:13:07');

-- --------------------------------------------------------

--
-- Структура таблицы `images`
--

CREATE TABLE IF NOT EXISTS `images` (
`id` int(10) unsigned NOT NULL,
  `value` varchar(255) COLLATE utf8_unicode_ci NOT NULL,
  `name` varchar(255) COLLATE utf8_unicode_ci NOT NULL,
  `block_name` varchar(255) COLLATE utf8_unicode_ci NOT NULL,
  `group_name` varchar(255) COLLATE utf8_unicode_ci NOT NULL,
  `group_id` int(11) NOT NULL,
  `prefix` varchar(255) COLLATE utf8_unicode_ci NOT NULL,
  `alt` varchar(255) COLLATE utf8_unicode_ci NOT NULL,
  `original_link` varchar(255) COLLATE utf8_unicode_ci NOT NULL,
  `primary_link` varchar(255) COLLATE utf8_unicode_ci NOT NULL,
  `secondary_link` varchar(255) COLLATE utf8_unicode_ci NOT NULL,
  `icon_link` varchar(255) COLLATE utf8_unicode_ci NOT NULL,
  `preview_link` varchar(255) COLLATE utf8_unicode_ci NOT NULL,
  `cache_index` int(11) NOT NULL
) ENGINE=InnoDB AUTO_INCREMENT=244 DEFAULT CHARSET=utf8 COLLATE=utf8_unicode_ci;

--
-- Дамп данных таблицы `images`
--

INSERT INTO `images` (`id`, `value`, `name`, `block_name`, `group_name`, `group_id`, `prefix`, `alt`, `original_link`, `primary_link`, `secondary_link`, `icon_link`, `preview_link`, `cache_index`) VALUES
(29, '', 'logo', 'static_all_site', '', 0, 'static_all_site_logo_0', 'Клуб детского развития Bambini', 'static_all_site_logo_0.png', 'static_all_site_logo_0_primary.png', 'static_all_site_logo_0_secondary.png', 'static_all_site_logo_0_icon.png', 'static_all_site_logo_0_preview.png', 22),
(30, '', 'head', 'static_about', '', 0, 'static_about_head_0', 'Как развивать ребенка, если не хватает времени', 'placeholders/placeholder_500_500_808080.jpg', 'static_about_head_0_primary.PNG', 'static_about_head_0_secondary.PNG', 'static_about_head_0_icon.PNG', 'static_about_head_0_preview.PNG', 18),
(31, '', 'director_face', 'static_about', '', 0, 'static_about_director_face_0', 'Алла Збаращук - директор и основатель Клуба детского развития Bambini', 'placeholders/placeholder_290_290_808080.jpg', 'static_about_director_face_0_primary.jpg', 'static_about_director_face_0_secondary.jpg', 'static_about_director_face_0_icon.jpg', 'static_about_director_face_0_preview.jpg', 18),
(33, '', 'feature_pict', 'static_about', 'features', 37, 'features_feature_pict_37', 'Особенности детского клуба Bambini', 'features_feature_pict_37.png', 'features_feature_pict_37_primary.png', 'features_feature_pict_37_secondary.png', 'features_feature_pict_37_icon.png', 'features_feature_pict_37_preview.png', 15),
(34, '', 'feature_pict', 'static_about', 'features', 38, 'features_feature_pict_38', 'Развивающая среда клуба детского развития Бамбини', 'features_feature_pict_38.png', 'features_feature_pict_38_primary.png', 'features_feature_pict_38_secondary.png', 'features_feature_pict_38_icon.png', 'features_feature_pict_38_preview.png', 15),
(35, '', 'feature_pict', 'static_about', 'features', 39, 'features_feature_pict_39', 'Кварцевание в клубе развития детей Bambini', 'features_feature_pict_39.png', 'features_feature_pict_39_primary.png', 'features_feature_pict_39_secondary.png', 'features_feature_pict_39_icon.png', 'features_feature_pict_39_preview.png', 15),
(37, '', 'feature_pict', 'static_about', 'features', 41, 'features_feature_pict_41', 'Команда педагогов - Bambini', 'features_feature_pict_41.png', 'features_feature_pict_41_primary.png', 'features_feature_pict_41_secondary.png', 'features_feature_pict_41_icon.png', 'features_feature_pict_41_preview.png', 13),
(42, '', 'atm_pict', 'static_good_atm', 'good_atm_gallery', 46, 'good_atm_gallery_atm_pict_46', '', 'good_atm_gallery_atm_pict_46.jpg', 'good_atm_gallery_atm_pict_46_primary.jpg', 'good_atm_gallery_atm_pict_46_secondary.jpg', 'good_atm_gallery_atm_pict_46_icon.jpg', 'good_atm_gallery_atm_pict_46_preview.jpg', 37),
(43, '', 'atm_pict', 'static_good_atm', 'good_atm_gallery', 47, 'good_atm_gallery_atm_pict_47', '', 'good_atm_gallery_atm_pict_47.jpg', 'good_atm_gallery_atm_pict_47_primary.jpg', 'good_atm_gallery_atm_pict_47_secondary.jpg', 'good_atm_gallery_atm_pict_47_icon.jpg', 'good_atm_gallery_atm_pict_47_preview.jpg', 37),
(44, '', 'atm_pict', 'static_good_atm', 'good_atm_gallery', 48, 'good_atm_gallery_atm_pict_48', '', 'good_atm_gallery_atm_pict_48.jpg', 'good_atm_gallery_atm_pict_48_primary.jpg', 'good_atm_gallery_atm_pict_48_secondary.jpg', 'good_atm_gallery_atm_pict_48_icon.jpg', 'good_atm_gallery_atm_pict_48_preview.jpg', 37),
(48, '', 'upgrade_program', 'dom_upgrade', 'upgrade_programs', 52, 'upgrade_programs_upgrade_program_52', '', 'upgrade_programs_upgrade_program_52.png', 'upgrade_programs_upgrade_program_52_primary.png', 'upgrade_programs_upgrade_program_52_secondary.png', 'upgrade_programs_upgrade_program_52_icon.png', 'upgrade_programs_upgrade_program_52_preview.png', 41),
(49, '', 'upgrade_program', 'dom_upgrade', 'upgrade_programs', 53, 'upgrade_programs_upgrade_program_53', '', 'upgrade_programs_upgrade_program_53.png', 'upgrade_programs_upgrade_program_53_primary.png', 'upgrade_programs_upgrade_program_53_secondary.png', 'upgrade_programs_upgrade_program_53_icon.png', 'upgrade_programs_upgrade_program_53_preview.png', 34),
(50, '', 'upgrade_program', 'dom_upgrade', 'upgrade_programs', 54, 'upgrade_programs_upgrade_program_54', '', 'upgrade_programs_upgrade_program_54.png', 'upgrade_programs_upgrade_program_54_primary.png', 'upgrade_programs_upgrade_program_54_secondary.png', 'upgrade_programs_upgrade_program_54_icon.png', 'upgrade_programs_upgrade_program_54_preview.png', 48),
(51, '', 'type_pict', 'dom_target_upgrade', 'program_type', 55, 'program_type_type_pict_55', 'Целевые программы клуба развития ребенка Bambini', 'program_type_type_pict_55.PNG', 'program_type_type_pict_55_primary.PNG', 'program_type_type_pict_55_secondary.PNG', 'program_type_type_pict_55_icon.PNG', 'program_type_type_pict_55_preview.PNG', 4),
(52, '', 'type_pict', 'dom_target_upgrade', 'program_type', 56, 'program_type_type_pict_56', 'Программы персонального развития - Bambini', 'program_type_type_pict_56.PNG', 'program_type_type_pict_56_primary.PNG', 'program_type_type_pict_56_secondary.PNG', 'program_type_type_pict_56_icon.PNG', 'program_type_type_pict_56_preview.PNG', 4),
(53, '', 'face', 'dom_staff', 'staff_list', 67, 'staff_list_face_67', 'Яценко Ольга Борисовна - Администратор клуба Bambini', 'staff_list_face_67.jpg', 'staff_list_face_67_primary.jpg', 'staff_list_face_67_secondary.jpg', 'staff_list_face_67_icon.jpg', 'staff_list_face_67_preview.jpg', 71),
(54, '', 'face', 'dom_staff', 'staff_list', 68, 'staff_list_face_68', 'Городецкая Ольга Игоревна - Педагог детского клуба Bambini', 'staff_list_face_68.jpg', 'staff_list_face_68_primary.jpg', 'staff_list_face_68_secondary.jpg', 'staff_list_face_68_icon.jpg', 'staff_list_face_68_preview.jpg', 71),
(55, '', 'face', 'dom_staff', 'staff_list', 69, 'staff_list_face_69', 'Сардарова Зарина Османовна - Педагог, методист, логопед-дефектолог - клуб Бамбини', 'staff_list_face_69.jpg', 'staff_list_face_69_primary.jpg', 'staff_list_face_69_secondary.jpg', 'staff_list_face_69_icon.jpg', 'staff_list_face_69_preview.jpg', 71),
(56, '', 'face', 'dom_staff', 'staff_list', 70, 'staff_list_face_70', 'Карева Наталья Викторовна - Педагог по творчеству клуба Bambini', 'staff_list_face_70.jpg', 'staff_list_face_70_primary.jpg', 'staff_list_face_70_secondary.jpg', 'staff_list_face_70_icon.jpg', 'staff_list_face_70_preview.jpg', 71),
(63, '', 'text_pict', 'dom_all_images', 'images_set', 85, 'images_set_text_pict_85', '', 'images_set_text_pict_85.PNG', 'placeholders/placeholder_200_200_808080.jpg', 'placeholders/placeholder_200_200_808080.jpg', 'placeholders/placeholder_200_200_808080.jpg', 'placeholders/placeholder_200_200_808080.jpg', 1),
(64, '', 'text_pict', 'dom_all_images', 'images_set', 86, 'images_set_text_pict_86', '', 'images_set_text_pict_86.jpg', 'placeholders/placeholder_200_200_808080.jpg', 'placeholders/placeholder_200_200_808080.jpg', 'placeholders/placeholder_200_200_808080.jpg', 'placeholders/placeholder_200_200_808080.jpg', 1),
(65, '', 'program_gallery_pict', 'dom_upgrade', 'program_gallery', 87, 'program_gallery_program_gallery_pict_87', '', 'program_gallery_program_gallery_pict_87.jpg', 'program_gallery_program_gallery_pict_87_primary.jpg', 'program_gallery_program_gallery_pict_87_secondary.jpg', 'program_gallery_program_gallery_pict_87_icon.jpg', 'program_gallery_program_gallery_pict_87_preview.jpg', 33),
(66, '', 'program_gallery_pict', 'dom_upgrade', 'program_gallery', 88, 'program_gallery_program_gallery_pict_88', '', 'program_gallery_program_gallery_pict_88.jpg', 'program_gallery_program_gallery_pict_88_primary.jpg', 'program_gallery_program_gallery_pict_88_secondary.jpg', 'program_gallery_program_gallery_pict_88_icon.jpg', 'program_gallery_program_gallery_pict_88_preview.jpg', 33),
(67, '', 'program_gallery_pict', 'dom_upgrade', 'program_gallery', 89, 'program_gallery_program_gallery_pict_89', '', 'program_gallery_program_gallery_pict_89.jpg', 'program_gallery_program_gallery_pict_89_primary.jpg', 'program_gallery_program_gallery_pict_89_secondary.jpg', 'program_gallery_program_gallery_pict_89_icon.jpg', 'program_gallery_program_gallery_pict_89_preview.jpg', 33),
(68, '', 'program_gallery_pict', 'dom_upgrade', 'program_gallery', 90, 'program_gallery_program_gallery_pict_90', '', 'program_gallery_program_gallery_pict_90.jpg', 'program_gallery_program_gallery_pict_90_primary.jpg', 'program_gallery_program_gallery_pict_90_secondary.jpg', 'program_gallery_program_gallery_pict_90_icon.jpg', 'program_gallery_program_gallery_pict_90_preview.jpg', 33),
(69, '', 'program_gallery_pict', 'dom_upgrade', 'program_gallery', 91, 'program_gallery_program_gallery_pict_91', '', 'program_gallery_program_gallery_pict_91.jpg', 'program_gallery_program_gallery_pict_91_primary.jpg', 'program_gallery_program_gallery_pict_91_secondary.jpg', 'program_gallery_program_gallery_pict_91_icon.jpg', 'program_gallery_program_gallery_pict_91_preview.jpg', 33),
(73, '', 'atm_pict', 'static_good_atm', 'good_atm_gallery', 95, 'good_atm_gallery_atm_pict_95', '', 'good_atm_gallery_atm_pict_95.jpg', 'good_atm_gallery_atm_pict_95_primary.jpg', 'good_atm_gallery_atm_pict_95_secondary.jpg', 'good_atm_gallery_atm_pict_95_icon.jpg', 'good_atm_gallery_atm_pict_95_preview.jpg', 20),
(74, '', 'atm_pict', 'static_good_atm', 'good_atm_gallery', 96, 'good_atm_gallery_atm_pict_96', '', 'good_atm_gallery_atm_pict_96.jpg', 'good_atm_gallery_atm_pict_96_primary.jpg', 'good_atm_gallery_atm_pict_96_secondary.jpg', 'good_atm_gallery_atm_pict_96_icon.jpg', 'good_atm_gallery_atm_pict_96_preview.jpg', 20),
(75, '', 'atm_pict', 'static_good_atm', 'good_atm_gallery', 97, 'good_atm_gallery_atm_pict_97', '', 'good_atm_gallery_atm_pict_97.jpg', 'good_atm_gallery_atm_pict_97_primary.jpg', 'good_atm_gallery_atm_pict_97_secondary.jpg', 'good_atm_gallery_atm_pict_97_icon.jpg', 'good_atm_gallery_atm_pict_97_preview.jpg', 20),
(76, '', 'atm_pict', 'static_good_atm', 'good_atm_gallery', 98, 'good_atm_gallery_atm_pict_98', '', 'good_atm_gallery_atm_pict_98.jpg', 'good_atm_gallery_atm_pict_98_primary.jpg', 'good_atm_gallery_atm_pict_98_secondary.jpg', 'good_atm_gallery_atm_pict_98_icon.jpg', 'good_atm_gallery_atm_pict_98_preview.jpg', 20),
(77, '', 'atm_pict', 'static_good_atm', 'good_atm_gallery', 99, 'good_atm_gallery_atm_pict_99', '', 'good_atm_gallery_atm_pict_99.jpg', 'good_atm_gallery_atm_pict_99_primary.jpg', 'good_atm_gallery_atm_pict_99_secondary.jpg', 'good_atm_gallery_atm_pict_99_icon.jpg', 'good_atm_gallery_atm_pict_99_preview.jpg', 20),
(78, '', 'atm_pict', 'static_good_atm', 'good_atm_gallery', 100, 'good_atm_gallery_atm_pict_100', '', 'good_atm_gallery_atm_pict_100.jpg', 'good_atm_gallery_atm_pict_100_primary.jpg', 'good_atm_gallery_atm_pict_100_secondary.jpg', 'good_atm_gallery_atm_pict_100_icon.jpg', 'good_atm_gallery_atm_pict_100_preview.jpg', 19),
(79, '', 'atm_pict', 'static_good_atm', 'good_atm_gallery', 101, 'good_atm_gallery_atm_pict_101', '', 'good_atm_gallery_atm_pict_101.jpg', 'good_atm_gallery_atm_pict_101_primary.jpg', 'good_atm_gallery_atm_pict_101_secondary.jpg', 'good_atm_gallery_atm_pict_101_icon.jpg', 'good_atm_gallery_atm_pict_101_preview.jpg', 19),
(80, '', 'atm_pict', 'static_good_atm', 'good_atm_gallery', 102, 'good_atm_gallery_atm_pict_102', '', 'good_atm_gallery_atm_pict_102.jpg', 'good_atm_gallery_atm_pict_102_primary.jpg', 'good_atm_gallery_atm_pict_102_secondary.jpg', 'good_atm_gallery_atm_pict_102_icon.jpg', 'good_atm_gallery_atm_pict_102_preview.jpg', 10),
(81, '', 'atm_pict', 'static_good_atm', 'good_atm_gallery', 103, 'good_atm_gallery_atm_pict_103', '', 'good_atm_gallery_atm_pict_103.jpg', 'good_atm_gallery_atm_pict_103_primary.jpg', 'good_atm_gallery_atm_pict_103_secondary.jpg', 'good_atm_gallery_atm_pict_103_icon.jpg', 'good_atm_gallery_atm_pict_103_preview.jpg', 10),
(82, '', 'atm_pict', 'static_good_atm', 'good_atm_gallery', 104, 'good_atm_gallery_atm_pict_104', '', 'good_atm_gallery_atm_pict_104.jpg', 'good_atm_gallery_atm_pict_104_primary.jpg', 'good_atm_gallery_atm_pict_104_secondary.jpg', 'good_atm_gallery_atm_pict_104_icon.jpg', 'good_atm_gallery_atm_pict_104_preview.jpg', 10),
(83, '', 'atm_pict', 'static_good_atm', 'good_atm_gallery', 105, 'good_atm_gallery_atm_pict_105', '', 'good_atm_gallery_atm_pict_105.jpg', 'good_atm_gallery_atm_pict_105_primary.jpg', 'good_atm_gallery_atm_pict_105_secondary.jpg', 'good_atm_gallery_atm_pict_105_icon.jpg', 'good_atm_gallery_atm_pict_105_preview.jpg', 10),
(84, '', 'atm_pict', 'static_good_atm', 'good_atm_gallery', 106, 'good_atm_gallery_atm_pict_106', '', 'good_atm_gallery_atm_pict_106.jpg', 'good_atm_gallery_atm_pict_106_primary.jpg', 'good_atm_gallery_atm_pict_106_secondary.jpg', 'good_atm_gallery_atm_pict_106_icon.jpg', 'good_atm_gallery_atm_pict_106_preview.jpg', 10),
(85, '', 'atm_pict', 'static_good_atm', 'good_atm_gallery', 107, 'good_atm_gallery_atm_pict_107', '', 'good_atm_gallery_atm_pict_107.jpg', 'good_atm_gallery_atm_pict_107_primary.jpg', 'good_atm_gallery_atm_pict_107_secondary.jpg', 'good_atm_gallery_atm_pict_107_icon.jpg', 'good_atm_gallery_atm_pict_107_preview.jpg', 10),
(86, '', 'atm_pict', 'static_good_atm', 'good_atm_gallery', 108, 'good_atm_gallery_atm_pict_108', '', 'good_atm_gallery_atm_pict_108.jpg', 'good_atm_gallery_atm_pict_108_primary.jpg', 'good_atm_gallery_atm_pict_108_secondary.jpg', 'good_atm_gallery_atm_pict_108_icon.jpg', 'good_atm_gallery_atm_pict_108_preview.jpg', 10),
(87, '', 'atm_pict', 'static_good_atm', 'good_atm_gallery', 109, 'good_atm_gallery_atm_pict_109', '', 'good_atm_gallery_atm_pict_109.jpg', 'good_atm_gallery_atm_pict_109_primary.jpg', 'good_atm_gallery_atm_pict_109_secondary.jpg', 'good_atm_gallery_atm_pict_109_icon.jpg', 'good_atm_gallery_atm_pict_109_preview.jpg', 10),
(88, '', 'atm_pict', 'static_good_atm', 'good_atm_gallery', 110, 'good_atm_gallery_atm_pict_110', '', 'good_atm_gallery_atm_pict_110.jpg', 'good_atm_gallery_atm_pict_110_primary.jpg', 'good_atm_gallery_atm_pict_110_secondary.jpg', 'good_atm_gallery_atm_pict_110_icon.jpg', 'good_atm_gallery_atm_pict_110_preview.jpg', 10),
(89, '', 'atm_pict', 'static_good_atm', 'good_atm_gallery', 111, 'good_atm_gallery_atm_pict_111', '', 'good_atm_gallery_atm_pict_111.jpg', 'good_atm_gallery_atm_pict_111_primary.jpg', 'good_atm_gallery_atm_pict_111_secondary.jpg', 'good_atm_gallery_atm_pict_111_icon.jpg', 'good_atm_gallery_atm_pict_111_preview.jpg', 10),
(90, '', 'atm_pict', 'static_good_atm', 'good_atm_gallery', 112, 'good_atm_gallery_atm_pict_112', '', 'good_atm_gallery_atm_pict_112.jpg', 'good_atm_gallery_atm_pict_112_primary.jpg', 'good_atm_gallery_atm_pict_112_secondary.jpg', 'good_atm_gallery_atm_pict_112_icon.jpg', 'good_atm_gallery_atm_pict_112_preview.jpg', 10),
(91, '', 'atm_pict', 'static_good_atm', 'good_atm_gallery', 113, 'good_atm_gallery_atm_pict_113', '', 'good_atm_gallery_atm_pict_113.jpg', 'good_atm_gallery_atm_pict_113_primary.jpg', 'good_atm_gallery_atm_pict_113_secondary.jpg', 'good_atm_gallery_atm_pict_113_icon.jpg', 'good_atm_gallery_atm_pict_113_preview.jpg', 10),
(92, '', 'atm_pict', 'static_good_atm', 'good_atm_gallery', 114, 'good_atm_gallery_atm_pict_114', '', 'good_atm_gallery_atm_pict_114.jpg', 'good_atm_gallery_atm_pict_114_primary.jpg', 'good_atm_gallery_atm_pict_114_secondary.jpg', 'good_atm_gallery_atm_pict_114_icon.jpg', 'good_atm_gallery_atm_pict_114_preview.jpg', 10),
(93, '', 'atm_pict', 'static_good_atm', 'good_atm_gallery', 115, 'good_atm_gallery_atm_pict_115', '', 'good_atm_gallery_atm_pict_115.jpg', 'good_atm_gallery_atm_pict_115_primary.jpg', 'good_atm_gallery_atm_pict_115_secondary.jpg', 'good_atm_gallery_atm_pict_115_icon.jpg', 'good_atm_gallery_atm_pict_115_preview.jpg', 10),
(94, '', 'atm_pict', 'static_good_atm', 'good_atm_gallery', 116, 'good_atm_gallery_atm_pict_116', '', 'good_atm_gallery_atm_pict_116.jpg', 'good_atm_gallery_atm_pict_116_primary.jpg', 'good_atm_gallery_atm_pict_116_secondary.jpg', 'good_atm_gallery_atm_pict_116_icon.jpg', 'good_atm_gallery_atm_pict_116_preview.jpg', 10),
(95, '', 'atm_pict', 'static_good_atm', 'good_atm_gallery', 117, 'good_atm_gallery_atm_pict_117', '', 'good_atm_gallery_atm_pict_117.jpg', 'good_atm_gallery_atm_pict_117_primary.jpg', 'good_atm_gallery_atm_pict_117_secondary.jpg', 'good_atm_gallery_atm_pict_117_icon.jpg', 'good_atm_gallery_atm_pict_117_preview.jpg', 10),
(96, '', 'text_pict', 'dom_all_images', 'images_set', 119, 'images_set_text_pict_119', '', 'images_set_text_pict_119.jpg', 'placeholders/placeholder_200_200_808080.jpg', 'placeholders/placeholder_200_200_808080.jpg', 'placeholders/placeholder_200_200_808080.jpg', 'placeholders/placeholder_200_200_808080.jpg', 1),
(97, '', 'text_pict', 'dom_all_images', 'images_set', 120, 'images_set_text_pict_120', '', 'images_set_text_pict_120.jpg', 'placeholders/placeholder_200_200_808080.jpg', 'placeholders/placeholder_200_200_808080.jpg', 'placeholders/placeholder_200_200_808080.jpg', 'placeholders/placeholder_200_200_808080.jpg', 1),
(98, '', 'text_pict', 'dom_all_images', 'images_set', 121, 'images_set_text_pict_121', '', 'images_set_text_pict_121.jpg', 'placeholders/placeholder_200_200_808080.jpg', 'placeholders/placeholder_200_200_808080.jpg', 'placeholders/placeholder_200_200_808080.jpg', 'placeholders/placeholder_200_200_808080.jpg', 1),
(99, '', 'text_pict', 'dom_all_images', 'images_set', 122, 'images_set_text_pict_122', '', 'images_set_text_pict_122.jpg', 'placeholders/placeholder_200_200_808080.jpg', 'placeholders/placeholder_200_200_808080.jpg', 'placeholders/placeholder_200_200_808080.jpg', 'placeholders/placeholder_200_200_808080.jpg', 1),
(100, '', 'program_gallery_pict', 'dom_upgrade', 'program_gallery', 123, 'program_gallery_program_gallery_pict_123', '', 'program_gallery_program_gallery_pict_123.jpg', 'program_gallery_program_gallery_pict_123_primary.jpg', 'program_gallery_program_gallery_pict_123_secondary.jpg', 'program_gallery_program_gallery_pict_123_icon.jpg', 'program_gallery_program_gallery_pict_123_preview.jpg', 33),
(101, '', 'program_gallery_pict', 'dom_upgrade', 'program_gallery', 124, 'program_gallery_program_gallery_pict_124', '', 'program_gallery_program_gallery_pict_124.jpg', 'program_gallery_program_gallery_pict_124_primary.jpg', 'program_gallery_program_gallery_pict_124_secondary.jpg', 'program_gallery_program_gallery_pict_124_icon.jpg', 'program_gallery_program_gallery_pict_124_preview.jpg', 33),
(102, '', 'program_gallery_pict', 'dom_upgrade', 'program_gallery', 125, 'program_gallery_program_gallery_pict_125', '', 'program_gallery_program_gallery_pict_125.jpg', 'program_gallery_program_gallery_pict_125_primary.jpg', 'program_gallery_program_gallery_pict_125_secondary.jpg', 'program_gallery_program_gallery_pict_125_icon.jpg', 'program_gallery_program_gallery_pict_125_preview.jpg', 34),
(103, '', 'program_gallery_pict', 'dom_upgrade', 'program_gallery', 126, 'program_gallery_program_gallery_pict_126', '', 'program_gallery_program_gallery_pict_126.jpg', 'program_gallery_program_gallery_pict_126_primary.jpg', 'program_gallery_program_gallery_pict_126_secondary.jpg', 'program_gallery_program_gallery_pict_126_icon.jpg', 'program_gallery_program_gallery_pict_126_preview.jpg', 34),
(104, '', 'program_gallery_pict', 'dom_upgrade', 'program_gallery', 127, 'program_gallery_program_gallery_pict_127', '', 'program_gallery_program_gallery_pict_127.jpg', 'program_gallery_program_gallery_pict_127_primary.jpg', 'program_gallery_program_gallery_pict_127_secondary.jpg', 'program_gallery_program_gallery_pict_127_icon.jpg', 'program_gallery_program_gallery_pict_127_preview.jpg', 34),
(113, '', 'program_gallery_pict', 'dom_upgrade', 'program_gallery', 136, 'program_gallery_program_gallery_pict_136', '', 'program_gallery_program_gallery_pict_136.jpg', 'program_gallery_program_gallery_pict_136_primary.jpg', 'program_gallery_program_gallery_pict_136_secondary.jpg', 'program_gallery_program_gallery_pict_136_icon.jpg', 'program_gallery_program_gallery_pict_136_preview.jpg', 30),
(114, '', 'program_gallery_pict', 'dom_upgrade', 'program_gallery', 137, 'program_gallery_program_gallery_pict_137', '', 'program_gallery_program_gallery_pict_137.jpg', 'program_gallery_program_gallery_pict_137_primary.jpg', 'program_gallery_program_gallery_pict_137_secondary.jpg', 'program_gallery_program_gallery_pict_137_icon.jpg', 'program_gallery_program_gallery_pict_137_preview.jpg', 30),
(115, '', 'program_gallery_pict', 'dom_upgrade', 'program_gallery', 138, 'program_gallery_program_gallery_pict_138', '', 'program_gallery_program_gallery_pict_138.jpg', 'program_gallery_program_gallery_pict_138_primary.jpg', 'program_gallery_program_gallery_pict_138_secondary.jpg', 'program_gallery_program_gallery_pict_138_icon.jpg', 'program_gallery_program_gallery_pict_138_preview.jpg', 29),
(116, '', 'program_gallery_pict', 'dom_upgrade', 'program_gallery', 139, 'program_gallery_program_gallery_pict_139', '', 'program_gallery_program_gallery_pict_139.jpg', 'program_gallery_program_gallery_pict_139_primary.jpg', 'program_gallery_program_gallery_pict_139_secondary.jpg', 'program_gallery_program_gallery_pict_139_icon.jpg', 'program_gallery_program_gallery_pict_139_preview.jpg', 29),
(117, '', 'program_gallery_pict', 'dom_upgrade', 'program_gallery', 140, 'program_gallery_program_gallery_pict_140', '', 'program_gallery_program_gallery_pict_140.jpg', 'program_gallery_program_gallery_pict_140_primary.jpg', 'program_gallery_program_gallery_pict_140_secondary.jpg', 'program_gallery_program_gallery_pict_140_icon.jpg', 'program_gallery_program_gallery_pict_140_preview.jpg', 29),
(132, '', 'program_gallery_pict', 'dom_target_upgrade', 'program_gall', 155, 'program_gall_program_gallery_pict_155', '', 'program_gall_program_gallery_pict_155.jpg', 'program_gall_program_gallery_pict_155_primary.jpg', 'program_gall_program_gallery_pict_155_secondary.jpg', 'program_gall_program_gallery_pict_155_icon.jpg', 'program_gall_program_gallery_pict_155_preview.jpg', 12),
(133, '', 'program_gallery_pict', 'dom_target_upgrade', 'program_gall', 156, 'program_gall_program_gallery_pict_156', '', 'program_gall_program_gallery_pict_156.jpg', 'program_gall_program_gallery_pict_156_primary.jpg', 'program_gall_program_gallery_pict_156_secondary.jpg', 'program_gall_program_gallery_pict_156_icon.jpg', 'program_gall_program_gallery_pict_156_preview.jpg', 12),
(134, '', 'program_gallery_pict', 'dom_target_upgrade', 'program_gall', 157, 'program_gall_program_gallery_pict_157', '', 'program_gall_program_gallery_pict_157.jpg', 'program_gall_program_gallery_pict_157_primary.jpg', 'program_gall_program_gallery_pict_157_secondary.jpg', 'program_gall_program_gallery_pict_157_icon.jpg', 'program_gall_program_gallery_pict_157_preview.jpg', 12),
(135, '', 'program_gallery_pict', 'dom_target_upgrade', 'program_gall', 158, 'program_gall_program_gallery_pict_158', '', 'program_gall_program_gallery_pict_158.jpg', 'program_gall_program_gallery_pict_158_primary.jpg', 'program_gall_program_gallery_pict_158_secondary.jpg', 'program_gall_program_gallery_pict_158_icon.jpg', 'program_gall_program_gallery_pict_158_preview.jpg', 12),
(136, '', 'program_gallery_pict', 'dom_target_upgrade', 'program_gall', 159, 'program_gall_program_gallery_pict_159', '', 'program_gall_program_gallery_pict_159.jpg', 'program_gall_program_gallery_pict_159_primary.jpg', 'program_gall_program_gallery_pict_159_secondary.jpg', 'program_gall_program_gallery_pict_159_icon.jpg', 'program_gall_program_gallery_pict_159_preview.jpg', 12),
(137, '', 'program_gallery_pict', 'dom_target_upgrade', 'program_gall', 160, 'program_gall_program_gallery_pict_160', '', 'program_gall_program_gallery_pict_160.jpg', 'program_gall_program_gallery_pict_160_primary.jpg', 'program_gall_program_gallery_pict_160_secondary.jpg', 'program_gall_program_gallery_pict_160_icon.jpg', 'program_gall_program_gallery_pict_160_preview.jpg', 7),
(138, '', 'program_gallery_pict', 'dom_target_upgrade', 'program_gall', 161, 'program_gall_program_gallery_pict_161', '', 'program_gall_program_gallery_pict_161.jpg', 'program_gall_program_gallery_pict_161_primary.jpg', 'program_gall_program_gallery_pict_161_secondary.jpg', 'program_gall_program_gallery_pict_161_icon.jpg', 'program_gall_program_gallery_pict_161_preview.jpg', 7),
(139, '', 'program_gallery_pict', 'dom_target_upgrade', 'program_gall', 162, 'program_gall_program_gallery_pict_162', '', 'program_gall_program_gallery_pict_162.jpg', 'program_gall_program_gallery_pict_162_primary.jpg', 'program_gall_program_gallery_pict_162_secondary.jpg', 'program_gall_program_gallery_pict_162_icon.jpg', 'program_gall_program_gallery_pict_162_preview.jpg', 7),
(140, '', 'program_gallery_pict', 'dom_target_upgrade', 'program_gall', 163, 'program_gall_program_gallery_pict_163', '', 'program_gall_program_gallery_pict_163.jpg', 'program_gall_program_gallery_pict_163_primary.jpg', 'program_gall_program_gallery_pict_163_secondary.jpg', 'program_gall_program_gallery_pict_163_icon.jpg', 'program_gall_program_gallery_pict_163_preview.jpg', 7),
(141, '', 'program_gallery_pict', 'dom_target_upgrade', 'program_gall', 164, 'program_gall_program_gallery_pict_164', '', 'program_gall_program_gallery_pict_164.jpg', 'program_gall_program_gallery_pict_164_primary.jpg', 'program_gall_program_gallery_pict_164_secondary.jpg', 'program_gall_program_gallery_pict_164_icon.jpg', 'program_gall_program_gallery_pict_164_preview.jpg', 7),
(143, '', 'program_gallery_pict', 'dom_target_upgrade', 'program_gall', 166, 'program_gall_program_gallery_pict_166', '', 'program_gall_program_gallery_pict_166.jpg', 'program_gall_program_gallery_pict_166_primary.jpg', 'program_gall_program_gallery_pict_166_secondary.jpg', 'program_gall_program_gallery_pict_166_icon.jpg', 'program_gall_program_gallery_pict_166_preview.jpg', 9),
(144, '', 'program_gallery_pict', 'dom_target_upgrade', 'program_gall', 167, 'program_gall_program_gallery_pict_167', '', 'program_gall_program_gallery_pict_167.jpg', 'program_gall_program_gallery_pict_167_primary.jpg', 'program_gall_program_gallery_pict_167_secondary.jpg', 'program_gall_program_gallery_pict_167_icon.jpg', 'program_gall_program_gallery_pict_167_preview.jpg', 9),
(145, '', 'program_gallery_pict', 'dom_target_upgrade', 'program_gall', 168, 'program_gall_program_gallery_pict_168', '', 'program_gall_program_gallery_pict_168.jpg', 'program_gall_program_gallery_pict_168_primary.jpg', 'program_gall_program_gallery_pict_168_secondary.jpg', 'program_gall_program_gallery_pict_168_icon.jpg', 'program_gall_program_gallery_pict_168_preview.jpg', 9),
(146, '', 'program_gallery_pict', 'dom_target_upgrade', 'program_gall', 169, 'program_gall_program_gallery_pict_169', '', 'program_gall_program_gallery_pict_169.jpg', 'program_gall_program_gallery_pict_169_primary.jpg', 'program_gall_program_gallery_pict_169_secondary.jpg', 'program_gall_program_gallery_pict_169_icon.jpg', 'program_gall_program_gallery_pict_169_preview.jpg', 9),
(147, '', 'program_gallery_pict', 'dom_target_upgrade', 'program_gall', 170, 'program_gall_program_gallery_pict_170', '', 'program_gall_program_gallery_pict_170.jpg', 'program_gall_program_gallery_pict_170_primary.jpg', 'program_gall_program_gallery_pict_170_secondary.jpg', 'program_gall_program_gallery_pict_170_icon.jpg', 'program_gall_program_gallery_pict_170_preview.jpg', 9),
(153, '', 'program_gallery_pict', 'dom_target_upgrade', 'program_gall', 176, 'program_gall_program_gallery_pict_176', '', 'program_gall_program_gallery_pict_176.jpg', 'program_gall_program_gallery_pict_176_primary.jpg', 'program_gall_program_gallery_pict_176_secondary.jpg', 'program_gall_program_gallery_pict_176_icon.jpg', 'program_gall_program_gallery_pict_176_preview.jpg', 19),
(154, '', 'program_gallery_pict', 'dom_target_upgrade', 'program_gall', 177, 'program_gall_program_gallery_pict_177', '', 'program_gall_program_gallery_pict_177.jpg', 'program_gall_program_gallery_pict_177_primary.jpg', 'program_gall_program_gallery_pict_177_secondary.jpg', 'program_gall_program_gallery_pict_177_icon.jpg', 'program_gall_program_gallery_pict_177_preview.jpg', 19),
(155, '', 'program_gallery_pict', 'dom_target_upgrade', 'program_gall', 178, 'program_gall_program_gallery_pict_178', '', 'program_gall_program_gallery_pict_178.jpg', 'program_gall_program_gallery_pict_178_primary.jpg', 'program_gall_program_gallery_pict_178_secondary.jpg', 'program_gall_program_gallery_pict_178_icon.jpg', 'program_gall_program_gallery_pict_178_preview.jpg', 19),
(156, '', 'program_gallery_pict', 'dom_target_upgrade', 'program_gall', 179, 'program_gall_program_gallery_pict_179', '', 'program_gall_program_gallery_pict_179.jpg', 'program_gall_program_gallery_pict_179_primary.jpg', 'program_gall_program_gallery_pict_179_secondary.jpg', 'program_gall_program_gallery_pict_179_icon.jpg', 'program_gall_program_gallery_pict_179_preview.jpg', 18),
(157, '', 'program_gallery_pict', 'dom_target_upgrade', 'program_gall', 180, 'program_gall_program_gallery_pict_180', '', 'program_gall_program_gallery_pict_180.jpg', 'program_gall_program_gallery_pict_180_primary.jpg', 'program_gall_program_gallery_pict_180_secondary.jpg', 'program_gall_program_gallery_pict_180_icon.jpg', 'program_gall_program_gallery_pict_180_preview.jpg', 18),
(158, '', 'program_gallery_pict', 'dom_target_upgrade', 'program_gall', 181, 'program_gall_program_gallery_pict_181', '', 'program_gall_program_gallery_pict_181.jpg', 'program_gall_program_gallery_pict_181_primary.jpg', 'program_gall_program_gallery_pict_181_secondary.jpg', 'program_gall_program_gallery_pict_181_icon.jpg', 'program_gall_program_gallery_pict_181_preview.jpg', 7),
(159, '', 'program_gallery_pict', 'dom_target_upgrade', 'program_gall', 182, 'program_gall_program_gallery_pict_182', '', 'program_gall_program_gallery_pict_182.jpg', 'program_gall_program_gallery_pict_182_primary.jpg', 'program_gall_program_gallery_pict_182_secondary.jpg', 'program_gall_program_gallery_pict_182_icon.jpg', 'program_gall_program_gallery_pict_182_preview.jpg', 7),
(160, '', 'program_gallery_pict', 'dom_target_upgrade', 'program_gall', 183, 'program_gall_program_gallery_pict_183', '', 'program_gall_program_gallery_pict_183.jpg', 'program_gall_program_gallery_pict_183_primary.jpg', 'program_gall_program_gallery_pict_183_secondary.jpg', 'program_gall_program_gallery_pict_183_icon.jpg', 'program_gall_program_gallery_pict_183_preview.jpg', 7),
(161, '', 'program_gallery_pict', 'dom_target_upgrade', 'program_gall', 184, 'program_gall_program_gallery_pict_184', '', 'program_gall_program_gallery_pict_184.jpg', 'program_gall_program_gallery_pict_184_primary.jpg', 'program_gall_program_gallery_pict_184_secondary.jpg', 'program_gall_program_gallery_pict_184_icon.jpg', 'program_gall_program_gallery_pict_184_preview.jpg', 7),
(162, '', 'program_gallery_pict', 'dom_target_upgrade', 'program_gall', 185, 'program_gall_program_gallery_pict_185', '', 'program_gall_program_gallery_pict_185.jpg', 'program_gall_program_gallery_pict_185_primary.jpg', 'program_gall_program_gallery_pict_185_secondary.jpg', 'program_gall_program_gallery_pict_185_icon.jpg', 'program_gall_program_gallery_pict_185_preview.jpg', 7),
(163, '', 'program_gallery_pict', 'dom_target_upgrade', 'program_gall', 186, 'program_gall_program_gallery_pict_186', '', 'program_gall_program_gallery_pict_186.jpg', 'program_gall_program_gallery_pict_186_primary.jpg', 'program_gall_program_gallery_pict_186_secondary.jpg', 'program_gall_program_gallery_pict_186_icon.jpg', 'program_gall_program_gallery_pict_186_preview.jpg', 22),
(164, '', 'program_gallery_pict', 'dom_target_upgrade', 'program_gall', 187, 'program_gall_program_gallery_pict_187', '', 'program_gall_program_gallery_pict_187.jpg', 'program_gall_program_gallery_pict_187_primary.jpg', 'program_gall_program_gallery_pict_187_secondary.jpg', 'program_gall_program_gallery_pict_187_icon.jpg', 'program_gall_program_gallery_pict_187_preview.jpg', 23),
(165, '', 'program_gallery_pict', 'dom_target_upgrade', 'program_gall', 188, 'program_gall_program_gallery_pict_188', '', 'program_gall_program_gallery_pict_188.jpg', 'program_gall_program_gallery_pict_188_primary.jpg', 'program_gall_program_gallery_pict_188_secondary.jpg', 'program_gall_program_gallery_pict_188_icon.jpg', 'program_gall_program_gallery_pict_188_preview.jpg', 23),
(166, '', 'program_gallery_pict', 'dom_target_upgrade', 'program_gall', 189, 'program_gall_program_gallery_pict_189', '', 'program_gall_program_gallery_pict_189.jpg', 'program_gall_program_gallery_pict_189_primary.jpg', 'program_gall_program_gallery_pict_189_secondary.jpg', 'program_gall_program_gallery_pict_189_icon.jpg', 'program_gall_program_gallery_pict_189_preview.jpg', 22),
(167, '', 'program_gallery_pict', 'dom_target_upgrade', 'program_gall', 190, 'program_gall_program_gallery_pict_190', '', 'program_gall_program_gallery_pict_190.jpg', 'program_gall_program_gallery_pict_190_primary.jpg', 'program_gall_program_gallery_pict_190_secondary.jpg', 'program_gall_program_gallery_pict_190_icon.jpg', 'program_gall_program_gallery_pict_190_preview.jpg', 22),
(168, '', 'program_gallery_pict', 'dom_target_upgrade', 'program_gall', 191, 'program_gall_program_gallery_pict_191', '', 'program_gall_program_gallery_pict_191.jpg', 'program_gall_program_gallery_pict_191_primary.jpg', 'program_gall_program_gallery_pict_191_secondary.jpg', 'program_gall_program_gallery_pict_191_icon.jpg', 'program_gall_program_gallery_pict_191_preview.jpg', 12),
(169, '', 'program_gallery_pict', 'dom_target_upgrade', 'program_gall', 192, 'program_gall_program_gallery_pict_192', '', 'program_gall_program_gallery_pict_192.jpg', 'program_gall_program_gallery_pict_192_primary.jpg', 'program_gall_program_gallery_pict_192_secondary.jpg', 'program_gall_program_gallery_pict_192_icon.jpg', 'program_gall_program_gallery_pict_192_preview.jpg', 12),
(170, '', 'program_gallery_pict', 'dom_target_upgrade', 'program_gall', 193, 'program_gall_program_gallery_pict_193', '', 'program_gall_program_gallery_pict_193.jpg', 'program_gall_program_gallery_pict_193_primary.jpg', 'program_gall_program_gallery_pict_193_secondary.jpg', 'program_gall_program_gallery_pict_193_icon.jpg', 'program_gall_program_gallery_pict_193_preview.jpg', 12),
(171, '', 'program_gallery_pict', 'dom_target_upgrade', 'program_gall', 194, 'program_gall_program_gallery_pict_194', '', 'program_gall_program_gallery_pict_194.jpg', 'program_gall_program_gallery_pict_194_primary.jpg', 'program_gall_program_gallery_pict_194_secondary.jpg', 'program_gall_program_gallery_pict_194_icon.jpg', 'program_gall_program_gallery_pict_194_preview.jpg', 12),
(172, '', 'program_gallery_pict', 'dom_target_upgrade', 'program_gall', 195, 'program_gall_program_gallery_pict_195', '', 'program_gall_program_gallery_pict_195.jpg', 'program_gall_program_gallery_pict_195_primary.jpg', 'program_gall_program_gallery_pict_195_secondary.jpg', 'program_gall_program_gallery_pict_195_icon.jpg', 'program_gall_program_gallery_pict_195_preview.jpg', 12),
(178, '', 'program_gallery_pict', 'dom_target_upgrade', 'program_gall', 201, 'program_gall_program_gallery_pict_201', '', 'program_gall_program_gallery_pict_201.jpg', 'program_gall_program_gallery_pict_201_primary.jpg', 'program_gall_program_gallery_pict_201_secondary.jpg', 'program_gall_program_gallery_pict_201_icon.jpg', 'program_gall_program_gallery_pict_201_preview.jpg', 9),
(179, '', 'program_gallery_pict', 'dom_target_upgrade', 'program_gall', 202, 'program_gall_program_gallery_pict_202', '', 'program_gall_program_gallery_pict_202.jpg', 'program_gall_program_gallery_pict_202_primary.jpg', 'program_gall_program_gallery_pict_202_secondary.jpg', 'program_gall_program_gallery_pict_202_icon.jpg', 'program_gall_program_gallery_pict_202_preview.jpg', 9),
(180, '', 'program_gallery_pict', 'dom_target_upgrade', 'program_gall', 203, 'program_gall_program_gallery_pict_203', '', 'program_gall_program_gallery_pict_203.jpg', 'program_gall_program_gallery_pict_203_primary.jpg', 'program_gall_program_gallery_pict_203_secondary.jpg', 'program_gall_program_gallery_pict_203_icon.jpg', 'program_gall_program_gallery_pict_203_preview.jpg', 9),
(181, '', 'program_gallery_pict', 'dom_target_upgrade', 'program_gall', 204, 'program_gall_program_gallery_pict_204', '', 'program_gall_program_gallery_pict_204.jpg', 'program_gall_program_gallery_pict_204_primary.jpg', 'program_gall_program_gallery_pict_204_secondary.jpg', 'program_gall_program_gallery_pict_204_icon.jpg', 'program_gall_program_gallery_pict_204_preview.jpg', 9),
(182, '', 'program_gallery_pict', 'dom_target_upgrade', 'program_gall', 205, 'program_gall_program_gallery_pict_205', '', 'program_gall_program_gallery_pict_205.jpg', 'program_gall_program_gallery_pict_205_primary.jpg', 'program_gall_program_gallery_pict_205_secondary.jpg', 'program_gall_program_gallery_pict_205_icon.jpg', 'program_gall_program_gallery_pict_205_preview.jpg', 9),
(188, '', 'face', 'dom_staff', 'staff_list', 278, 'staff_list_face_278', 'Збаращук Кристина Дмитриевна - Педагог клуба детского развития Bambini', 'staff_list_face_278.jpg', 'staff_list_face_278_primary.jpg', 'staff_list_face_278_secondary.jpg', 'staff_list_face_278_icon.jpg', 'staff_list_face_278_preview.jpg', 65),
(189, '', 'atm_pict', 'static_good_atm', 'good_atm_gallery', 280, '', '', 'placeholders/placeholder_310_310_808080.jpg', 'placeholders/placeholder_310_310_808080.jpg', 'placeholders/placeholder_170_170_808080.jpg', 'placeholders/placeholder_110_110_808080.jpg', 'placeholders/placeholder_100_100_808080.jpg', 3),
(190, '', 'atm_pict', 'static_good_atm', 'good_atm_gallery', 281, '', '', 'placeholders/placeholder_310_310_808080.jpg', 'placeholders/placeholder_310_310_808080.jpg', 'placeholders/placeholder_170_170_808080.jpg', 'placeholders/placeholder_110_110_808080.jpg', 'placeholders/placeholder_100_100_808080.jpg', 3),
(191, '', 'atm_pict', 'static_good_atm', 'good_atm_gallery', 282, '', '', 'placeholders/placeholder_310_310_808080.jpg', 'placeholders/placeholder_310_310_808080.jpg', 'placeholders/placeholder_170_170_808080.jpg', 'placeholders/placeholder_110_110_808080.jpg', 'placeholders/placeholder_100_100_808080.jpg', 3),
(192, '', 'atm_pict', 'static_good_atm', 'good_atm_gallery', 283, 'good_atm_gallery_atm_pict_283', '', 'good_atm_gallery_atm_pict_283.jpg', 'good_atm_gallery_atm_pict_283_primary.jpg', 'good_atm_gallery_atm_pict_283_secondary.jpg', 'good_atm_gallery_atm_pict_283_icon.jpg', 'good_atm_gallery_atm_pict_283_preview.jpg', 4),
(193, '', 'atm_pict', 'static_good_atm', 'good_atm_gallery', 284, 'good_atm_gallery_atm_pict_284', '', 'good_atm_gallery_atm_pict_284.jpg', 'good_atm_gallery_atm_pict_284_primary.jpg', 'good_atm_gallery_atm_pict_284_secondary.jpg', 'good_atm_gallery_atm_pict_284_icon.jpg', 'good_atm_gallery_atm_pict_284_preview.jpg', 4),
(194, '', 'atm_pict', 'static_good_atm', 'good_atm_gallery', 285, 'good_atm_gallery_atm_pict_285', '', 'good_atm_gallery_atm_pict_285.jpg', 'good_atm_gallery_atm_pict_285_primary.jpg', 'good_atm_gallery_atm_pict_285_secondary.jpg', 'good_atm_gallery_atm_pict_285_icon.jpg', 'good_atm_gallery_atm_pict_285_preview.jpg', 4),
(195, '', 'atm_pict', 'static_good_atm', 'good_atm_gallery', 286, 'good_atm_gallery_atm_pict_286', '', 'good_atm_gallery_atm_pict_286.jpg', 'good_atm_gallery_atm_pict_286_primary.jpg', 'good_atm_gallery_atm_pict_286_secondary.jpg', 'good_atm_gallery_atm_pict_286_icon.jpg', 'good_atm_gallery_atm_pict_286_preview.jpg', 1),
(196, '', 'atm_pict', 'static_good_atm', 'good_atm_gallery', 287, 'good_atm_gallery_atm_pict_287', '', 'good_atm_gallery_atm_pict_287.jpg', 'good_atm_gallery_atm_pict_287_primary.jpg', 'good_atm_gallery_atm_pict_287_secondary.jpg', 'good_atm_gallery_atm_pict_287_icon.jpg', 'good_atm_gallery_atm_pict_287_preview.jpg', 1),
(197, '', 'program_gallery_pict', 'dom_target_upgrade', 'program_gall', 289, 'program_gall_program_gallery_pict_289', '', 'program_gall_program_gallery_pict_289.jpg', 'program_gall_program_gallery_pict_289_primary.jpg', 'program_gall_program_gallery_pict_289_secondary.jpg', 'program_gall_program_gallery_pict_289_icon.jpg', 'program_gall_program_gallery_pict_289_preview.jpg', 14),
(198, '', 'program_gallery_pict', 'dom_target_upgrade', 'program_gall', 290, 'program_gall_program_gallery_pict_290', '', 'program_gall_program_gallery_pict_290.jpg', 'program_gall_program_gallery_pict_290_primary.jpg', 'program_gall_program_gallery_pict_290_secondary.jpg', 'program_gall_program_gallery_pict_290_icon.jpg', 'program_gall_program_gallery_pict_290_preview.jpg', 14),
(199, '', 'program_gallery_pict', 'dom_target_upgrade', 'program_gall', 291, 'program_gall_program_gallery_pict_291', '', 'program_gall_program_gallery_pict_291.jpg', 'program_gall_program_gallery_pict_291_primary.jpg', 'program_gall_program_gallery_pict_291_secondary.jpg', 'program_gall_program_gallery_pict_291_icon.jpg', 'program_gall_program_gallery_pict_291_preview.jpg', 14),
(200, '', 'program_gallery_pict', 'dom_target_upgrade', 'program_gall', 292, 'program_gall_program_gallery_pict_292', '', 'program_gall_program_gallery_pict_292.jpg', 'program_gall_program_gallery_pict_292_primary.jpg', 'program_gall_program_gallery_pict_292_secondary.jpg', 'program_gall_program_gallery_pict_292_icon.jpg', 'program_gall_program_gallery_pict_292_preview.jpg', 14),
(201, '', 'program_gallery_pict', 'dom_target_upgrade', 'program_gall', 293, 'program_gall_program_gallery_pict_293', '', 'program_gall_program_gallery_pict_293.jpg', 'program_gall_program_gallery_pict_293_primary.jpg', 'program_gall_program_gallery_pict_293_secondary.jpg', 'program_gall_program_gallery_pict_293_icon.jpg', 'program_gall_program_gallery_pict_293_preview.jpg', 14),
(202, '', 'program_gallery_pict', 'dom_target_upgrade', 'program_gall', 294, 'program_gall_program_gallery_pict_294', '', 'program_gall_program_gallery_pict_294.jpg', 'program_gall_program_gallery_pict_294_primary.jpg', 'program_gall_program_gallery_pict_294_secondary.jpg', 'program_gall_program_gallery_pict_294_icon.jpg', 'program_gall_program_gallery_pict_294_preview.jpg', 5),
(203, '', 'program_gallery_pict', 'dom_target_upgrade', 'program_gall', 295, 'program_gall_program_gallery_pict_295', '', 'program_gall_program_gallery_pict_295.jpg', 'program_gall_program_gallery_pict_295_primary.jpg', 'program_gall_program_gallery_pict_295_secondary.jpg', 'program_gall_program_gallery_pict_295_icon.jpg', 'program_gall_program_gallery_pict_295_preview.jpg', 5),
(204, '', 'program_gallery_pict', 'dom_target_upgrade', 'program_gall', 296, 'program_gall_program_gallery_pict_296', '', 'program_gall_program_gallery_pict_296.jpg', 'program_gall_program_gallery_pict_296_primary.jpg', 'program_gall_program_gallery_pict_296_secondary.jpg', 'program_gall_program_gallery_pict_296_icon.jpg', 'program_gall_program_gallery_pict_296_preview.jpg', 5),
(205, '', 'program_gallery_pict', 'dom_target_upgrade', 'program_gall', 297, 'program_gall_program_gallery_pict_297', '', 'program_gall_program_gallery_pict_297.jpg', 'program_gall_program_gallery_pict_297_primary.jpg', 'program_gall_program_gallery_pict_297_secondary.jpg', 'program_gall_program_gallery_pict_297_icon.jpg', 'program_gall_program_gallery_pict_297_preview.jpg', 5),
(206, '', 'program_gallery_pict', 'dom_target_upgrade', 'program_gall', 298, 'program_gall_program_gallery_pict_298', '', 'program_gall_program_gallery_pict_298.jpg', 'program_gall_program_gallery_pict_298_primary.jpg', 'program_gall_program_gallery_pict_298_secondary.jpg', 'program_gall_program_gallery_pict_298_icon.jpg', 'program_gall_program_gallery_pict_298_preview.jpg', 5),
(207, '', 'text_pict', 'dom_all_images', 'images_set', 299, 'images_set_text_pict_299', '', 'images_set_text_pict_299.jpg', 'placeholders/placeholder_200_200_808080.jpg', 'placeholders/placeholder_200_200_808080.jpg', 'placeholders/placeholder_200_200_808080.jpg', 'placeholders/placeholder_200_200_808080.jpg', 1),
(208, '', 'text_pict', 'dom_all_images', 'images_set', 300, 'images_set_text_pict_300', '', 'images_set_text_pict_300.jpg', 'placeholders/placeholder_200_200_808080.jpg', 'placeholders/placeholder_200_200_808080.jpg', 'placeholders/placeholder_200_200_808080.jpg', 'placeholders/placeholder_200_200_808080.jpg', 1),
(209, '', 'text_pict', 'dom_all_images', 'images_set', 301, 'images_set_text_pict_301', '', 'images_set_text_pict_301.jpg', 'placeholders/placeholder_200_200_808080.jpg', 'placeholders/placeholder_200_200_808080.jpg', 'placeholders/placeholder_200_200_808080.jpg', 'placeholders/placeholder_200_200_808080.jpg', 1),
(210, '', 'text_pict', 'dom_all_images', 'images_set', 302, 'images_set_text_pict_302', '', 'images_set_text_pict_302.jpg', 'placeholders/placeholder_200_200_808080.jpg', 'placeholders/placeholder_200_200_808080.jpg', 'placeholders/placeholder_200_200_808080.jpg', 'placeholders/placeholder_200_200_808080.jpg', 1),
(211, '', 'text_pict', 'dom_all_images', 'images_set', 303, 'images_set_text_pict_303', '', 'images_set_text_pict_303.jpg', 'placeholders/placeholder_200_200_808080.jpg', 'placeholders/placeholder_200_200_808080.jpg', 'placeholders/placeholder_200_200_808080.jpg', 'placeholders/placeholder_200_200_808080.jpg', 1),
(212, '', 'text_pict', 'dom_all_images', 'images_set', 304, 'images_set_text_pict_304', '', 'images_set_text_pict_304.jpg', 'placeholders/placeholder_200_200_808080.jpg', 'placeholders/placeholder_200_200_808080.jpg', 'placeholders/placeholder_200_200_808080.jpg', 'placeholders/placeholder_200_200_808080.jpg', 1),
(213, '', 'text_pict', 'dom_all_images', 'images_set', 305, 'images_set_text_pict_305', '', 'images_set_text_pict_305.jpg', 'placeholders/placeholder_200_200_808080.jpg', 'placeholders/placeholder_200_200_808080.jpg', 'placeholders/placeholder_200_200_808080.jpg', 'placeholders/placeholder_200_200_808080.jpg', 1),
(214, '', 'text_pict', 'dom_all_images', 'images_set', 306, 'images_set_text_pict_306', '', 'images_set_text_pict_306.pdf', 'placeholders/placeholder_200_200_808080.jpg', 'placeholders/placeholder_200_200_808080.jpg', 'placeholders/placeholder_200_200_808080.jpg', 'placeholders/placeholder_200_200_808080.jpg', 1),
(215, '', 'text_pict', 'dom_all_images', 'images_set', 307, 'images_set_text_pict_307', '', 'images_set_text_pict_307.pdf', 'placeholders/placeholder_200_200_808080.jpg', 'placeholders/placeholder_200_200_808080.jpg', 'placeholders/placeholder_200_200_808080.jpg', 'placeholders/placeholder_200_200_808080.jpg', 1),
(216, '', 'text_pict', 'dom_all_images', 'images_set', 308, 'images_set_text_pict_308', '', 'images_set_text_pict_308.jpg', 'placeholders/placeholder_200_200_808080.jpg', 'placeholders/placeholder_200_200_808080.jpg', 'placeholders/placeholder_200_200_808080.jpg', 'placeholders/placeholder_200_200_808080.jpg', 1),
(217, '', 'text_pict', 'dom_all_images', 'images_set', 309, 'images_set_text_pict_309', '', 'images_set_text_pict_309.jpg', 'placeholders/placeholder_200_200_808080.jpg', 'placeholders/placeholder_200_200_808080.jpg', 'placeholders/placeholder_200_200_808080.jpg', 'placeholders/placeholder_200_200_808080.jpg', 1),
(218, '', 'text_pict', 'dom_all_images', 'images_set', 310, 'images_set_text_pict_310', '', 'images_set_text_pict_310.jpg', 'placeholders/placeholder_200_200_808080.jpg', 'placeholders/placeholder_200_200_808080.jpg', 'placeholders/placeholder_200_200_808080.jpg', 'placeholders/placeholder_200_200_808080.jpg', 1),
(219, '', 'text_pict', 'dom_all_images', 'images_set', 311, 'images_set_text_pict_311', '', 'images_set_text_pict_311.jpg', 'placeholders/placeholder_200_200_808080.jpg', 'placeholders/placeholder_200_200_808080.jpg', 'placeholders/placeholder_200_200_808080.jpg', 'placeholders/placeholder_200_200_808080.jpg', 1),
(220, '', 'face', 'dom_staff', 'staff_list', 312, 'staff_list_face_312', 'Жолдыбаева Айнур Бекзатхановна - Логопед-дефектолог, сурдопедагог (казахский) - Bambini', 'staff_list_face_312.jpg', 'staff_list_face_312_primary.jpg', 'staff_list_face_312_secondary.jpg', 'staff_list_face_312_icon.jpg', 'staff_list_face_312_preview.jpg', 19),
(221, '', 'text_pict', 'dom_all_images', 'images_set', 314, 'images_set_text_pict_314', '', 'images_set_text_pict_314.jpg', 'placeholders/placeholder_200_200_808080.jpg', 'placeholders/placeholder_200_200_808080.jpg', 'placeholders/placeholder_200_200_808080.jpg', 'placeholders/placeholder_200_200_808080.jpg', 1),
(222, '', 'text_pict', 'dom_all_images', 'images_set', 315, 'images_set_text_pict_315', '', 'images_set_text_pict_315.jpg', 'placeholders/placeholder_200_200_808080.jpg', 'placeholders/placeholder_200_200_808080.jpg', 'placeholders/placeholder_200_200_808080.jpg', 'placeholders/placeholder_200_200_808080.jpg', 1),
(224, '', 'face', 'dom_staff', 'staff_list', 334, 'staff_list_face_334', '', 'staff_list_face_334.jpg', 'staff_list_face_334_primary.jpg', 'staff_list_face_334_secondary.jpg', 'staff_list_face_334_icon.jpg', 'staff_list_face_334_preview.jpg', 5),
(225, '', 'text_pict', 'dom_all_images', 'images_set', 335, '', '', 'placeholders/placeholder_200_200_808080.jpg', 'placeholders/placeholder_200_200_808080.jpg', 'placeholders/placeholder_200_200_808080.jpg', 'placeholders/placeholder_200_200_808080.jpg', 'placeholders/placeholder_200_200_808080.jpg', 0),
(226, '', 'text_pict', 'dom_all_images', 'images_set', 336, '', '', 'placeholders/placeholder_200_200_808080.jpg', 'placeholders/placeholder_200_200_808080.jpg', 'placeholders/placeholder_200_200_808080.jpg', 'placeholders/placeholder_200_200_808080.jpg', 'placeholders/placeholder_200_200_808080.jpg', 0);
INSERT INTO `images` (`id`, `value`, `name`, `block_name`, `group_name`, `group_id`, `prefix`, `alt`, `original_link`, `primary_link`, `secondary_link`, `icon_link`, `preview_link`, `cache_index`) VALUES
(227, '', 'text_pict', 'dom_all_images', 'images_set', 337, '', '', 'placeholders/placeholder_200_200_808080.jpg', 'placeholders/placeholder_200_200_808080.jpg', 'placeholders/placeholder_200_200_808080.jpg', 'placeholders/placeholder_200_200_808080.jpg', 'placeholders/placeholder_200_200_808080.jpg', 0),
(228, '', 'text_pict', 'dom_all_images', 'images_set', 338, '', '', 'placeholders/placeholder_200_200_808080.jpg', 'placeholders/placeholder_200_200_808080.jpg', 'placeholders/placeholder_200_200_808080.jpg', 'placeholders/placeholder_200_200_808080.jpg', 'placeholders/placeholder_200_200_808080.jpg', 0),
(229, '', 'text_pict', 'dom_all_images', 'images_set', 339, '', '', 'placeholders/placeholder_200_200_808080.jpg', 'placeholders/placeholder_200_200_808080.jpg', 'placeholders/placeholder_200_200_808080.jpg', 'placeholders/placeholder_200_200_808080.jpg', 'placeholders/placeholder_200_200_808080.jpg', 0),
(230, '', 'text_pict', 'dom_all_images', 'images_set', 340, '', '', 'placeholders/placeholder_200_200_808080.jpg', 'placeholders/placeholder_200_200_808080.jpg', 'placeholders/placeholder_200_200_808080.jpg', 'placeholders/placeholder_200_200_808080.jpg', 'placeholders/placeholder_200_200_808080.jpg', 0),
(231, '', 'text_pict', 'dom_all_images', 'images_set', 341, '', '', 'placeholders/placeholder_200_200_808080.jpg', 'placeholders/placeholder_200_200_808080.jpg', 'placeholders/placeholder_200_200_808080.jpg', 'placeholders/placeholder_200_200_808080.jpg', 'placeholders/placeholder_200_200_808080.jpg', 0),
(232, '', 'text_pict', 'dom_all_images', 'images_set', 342, '', '', 'placeholders/placeholder_200_200_808080.jpg', 'placeholders/placeholder_200_200_808080.jpg', 'placeholders/placeholder_200_200_808080.jpg', 'placeholders/placeholder_200_200_808080.jpg', 'placeholders/placeholder_200_200_808080.jpg', 0),
(233, '', 'text_pict', 'dom_all_images', 'images_set', 343, '', '', 'placeholders/placeholder_200_200_808080.jpg', 'placeholders/placeholder_200_200_808080.jpg', 'placeholders/placeholder_200_200_808080.jpg', 'placeholders/placeholder_200_200_808080.jpg', 'placeholders/placeholder_200_200_808080.jpg', 0),
(234, '', 'text_pict', 'dom_all_images', 'images_set', 344, '', '', 'placeholders/placeholder_200_200_808080.jpg', 'placeholders/placeholder_200_200_808080.jpg', 'placeholders/placeholder_200_200_808080.jpg', 'placeholders/placeholder_200_200_808080.jpg', 'placeholders/placeholder_200_200_808080.jpg', 0),
(235, '', 'text_pict', 'dom_all_images', 'images_set', 345, '', '', 'placeholders/placeholder_200_200_808080.jpg', 'placeholders/placeholder_200_200_808080.jpg', 'placeholders/placeholder_200_200_808080.jpg', 'placeholders/placeholder_200_200_808080.jpg', 'placeholders/placeholder_200_200_808080.jpg', 0),
(236, '', 'text_pict', 'dom_all_images', 'images_set', 346, '', '', 'placeholders/placeholder_200_200_808080.jpg', 'placeholders/placeholder_200_200_808080.jpg', 'placeholders/placeholder_200_200_808080.jpg', 'placeholders/placeholder_200_200_808080.jpg', 'placeholders/placeholder_200_200_808080.jpg', 0),
(237, '', 'text_pict', 'dom_all_images', 'images_set', 347, '', '', 'placeholders/placeholder_200_200_808080.jpg', 'placeholders/placeholder_200_200_808080.jpg', 'placeholders/placeholder_200_200_808080.jpg', 'placeholders/placeholder_200_200_808080.jpg', 'placeholders/placeholder_200_200_808080.jpg', 0),
(238, '', 'text_pict', 'dom_all_images', 'images_set', 348, '', '', 'placeholders/placeholder_200_200_808080.jpg', 'placeholders/placeholder_200_200_808080.jpg', 'placeholders/placeholder_200_200_808080.jpg', 'placeholders/placeholder_200_200_808080.jpg', 'placeholders/placeholder_200_200_808080.jpg', 0),
(239, '', 'text_pict', 'dom_all_images', 'images_set', 349, '', '', 'placeholders/placeholder_200_200_808080.jpg', 'placeholders/placeholder_200_200_808080.jpg', 'placeholders/placeholder_200_200_808080.jpg', 'placeholders/placeholder_200_200_808080.jpg', 'placeholders/placeholder_200_200_808080.jpg', 0),
(240, '', 'text_pict', 'dom_all_images', 'images_set', 350, '', '', 'placeholders/placeholder_200_200_808080.jpg', 'placeholders/placeholder_200_200_808080.jpg', 'placeholders/placeholder_200_200_808080.jpg', 'placeholders/placeholder_200_200_808080.jpg', 'placeholders/placeholder_200_200_808080.jpg', 0),
(241, '', 'text_pict', 'dom_all_images', 'images_set', 351, 'images_set_text_pict_351', '', 'images_set_text_pict_351.jpg', 'placeholders/placeholder_200_200_808080.jpg', 'placeholders/placeholder_200_200_808080.jpg', 'placeholders/placeholder_200_200_808080.jpg', 'placeholders/placeholder_200_200_808080.jpg', 1),
(242, '', 'text_pict', 'dom_all_images', 'images_set', 352, 'images_set_text_pict_352', '', 'images_set_text_pict_352.jpg', 'placeholders/placeholder_200_200_808080.jpg', 'placeholders/placeholder_200_200_808080.jpg', 'placeholders/placeholder_200_200_808080.jpg', 'placeholders/placeholder_200_200_808080.jpg', 1),
(243, '', 'text_pict', 'dom_all_images', 'images_set', 353, 'images_set_text_pict_353', '', 'images_set_text_pict_353.jpg', 'placeholders/placeholder_200_200_808080.jpg', 'placeholders/placeholder_200_200_808080.jpg', 'placeholders/placeholder_200_200_808080.jpg', 'placeholders/placeholder_200_200_808080.jpg', 1);

-- --------------------------------------------------------

--
-- Структура таблицы `migrations`
--

CREATE TABLE IF NOT EXISTS `migrations` (
  `migration` varchar(255) COLLATE utf8_unicode_ci NOT NULL,
  `batch` int(11) NOT NULL
) ENGINE=InnoDB DEFAULT CHARSET=utf8 COLLATE=utf8_unicode_ci;

--
-- Дамп данных таблицы `migrations`
--

INSERT INTO `migrations` (`migration`, `batch`) VALUES
('2014_10_12_000000_create_users_table', 1),
('2014_10_12_100000_create_password_resets_table', 1),
('2015_06_27_131534_create_blocks_table', 1),
('2015_06_27_131553_create_groups_table', 1),
('2015_06_27_131608_create_images_table', 1),
('2015_06_27_162911_create_stringfields_table', 1),
('2015_06_27_162920_create_textfields_table', 1),
('2015_07_01_133347_create_numbs_table', 1),
('2015_07_01_134525_create_bools_table', 1),
('2015_07_28_095851_create_pdatetimes_table', 1),
('2016_04_17_142100_create_crops_table', 1);

-- --------------------------------------------------------

--
-- Структура таблицы `numbs`
--

CREATE TABLE IF NOT EXISTS `numbs` (
`id` int(10) unsigned NOT NULL,
  `block_name` varchar(255) COLLATE utf8_unicode_ci NOT NULL,
  `group_id` int(11) NOT NULL,
  `group_name` varchar(255) COLLATE utf8_unicode_ci NOT NULL,
  `name` varchar(255) COLLATE utf8_unicode_ci NOT NULL,
  `value` int(11) NOT NULL
) ENGINE=InnoDB AUTO_INCREMENT=30 DEFAULT CHARSET=utf8 COLLATE=utf8_unicode_ci;

--
-- Дамп данных таблицы `numbs`
--

INSERT INTO `numbs` (`id`, `block_name`, `group_id`, `group_name`, `name`, `value`) VALUES
(3, 'dom_upgrade', 80, 'program_educators', 'educator_id', 334),
(10, 'dom_target_upgrade', 213, 'target_program_educators', 'educator_id', 69),
(11, 'dom_target_upgrade', 214, 'target_program_educators', 'educator_id', 70),
(13, 'dom_target_upgrade', 216, 'target_program_educators', 'educator_id', 278),
(16, 'dom_target_upgrade', 219, 'target_program_educators', 'educator_id', 334),
(18, 'dom_target_upgrade', 221, 'target_program_educators', 'educator_id', 70),
(20, 'dom_upgrade', 223, 'program_educators', 'educator_id', 68),
(21, 'dom_upgrade', 224, 'program_educators', 'educator_id', 69),
(23, 'dom_target_upgrade', 275, 'target_program_educators', 'educator_id', 334),
(24, 'dom_target_upgrade', 276, 'target_program_educators', 'educator_id', 69),
(25, 'dom_target_upgrade', 277, 'target_program_educators', 'educator_id', 278),
(26, 'dom_target_upgrade', 279, 'target_program_educators', 'educator_id', 69),
(27, 'dom_target_upgrade', 313, 'target_program_educators', 'educator_id', 312),
(28, 'dom_upgrade', 316, 'program_educators', 'educator_id', 69),
(29, 'dom_upgrade', 354, 'program_educators', 'educator_id', 334);

-- --------------------------------------------------------

--
-- Структура таблицы `password_resets`
--

CREATE TABLE IF NOT EXISTS `password_resets` (
  `email` varchar(255) COLLATE utf8_unicode_ci NOT NULL,
  `token` varchar(255) COLLATE utf8_unicode_ci NOT NULL,
  `created_at` timestamp NOT NULL DEFAULT '0000-00-00 00:00:00'
) ENGINE=InnoDB DEFAULT CHARSET=utf8 COLLATE=utf8_unicode_ci;

-- --------------------------------------------------------

--
-- Структура таблицы `pdatetimes`
--

CREATE TABLE IF NOT EXISTS `pdatetimes` (
`id` int(10) unsigned NOT NULL,
  `block_name` varchar(255) COLLATE utf8_unicode_ci NOT NULL,
  `group_id` int(11) NOT NULL,
  `group_name` varchar(255) COLLATE utf8_unicode_ci NOT NULL,
  `name` varchar(255) COLLATE utf8_unicode_ci NOT NULL,
  `time` tinyint(1) NOT NULL,
  `value` datetime NOT NULL
) ENGINE=InnoDB DEFAULT CHARSET=utf8 COLLATE=utf8_unicode_ci;

-- --------------------------------------------------------

--
-- Структура таблицы `stringfields`
--

CREATE TABLE IF NOT EXISTS `stringfields` (
`id` int(10) unsigned NOT NULL,
  `block_name` varchar(255) COLLATE utf8_unicode_ci NOT NULL,
  `group_id` int(11) NOT NULL,
  `group_name` varchar(255) COLLATE utf8_unicode_ci NOT NULL,
  `name` varchar(255) COLLATE utf8_unicode_ci NOT NULL,
  `value` varchar(255) COLLATE utf8_unicode_ci NOT NULL
) ENGINE=InnoDB AUTO_INCREMENT=347 DEFAULT CHARSET=utf8 COLLATE=utf8_unicode_ci;

--
-- Дамп данных таблицы `stringfields`
--

INSERT INTO `stringfields` (`id`, `block_name`, `group_id`, `group_name`, `name`, `value`) VALUES
(59, 'static_all_site', 0, '', 'logo_descr', 'Клуб детского развития'),
(60, 'static_all_site', 0, '', 'phone', '+7 707 214-22-20'),
(61, 'static_all_site', 0, '', 'map_link', 'http://2gis.kz/almaty/firm/70000001017224049/center/76.900865,43.189465/zoom/16?utm_medium=widget&utm_campaign=firmsonmap&utm_source=bigMap'),
(62, 'static_all_site', 0, '', 'copy', '© Клуб детского развития «Bambini»'),
(63, 'static_all_site', 0, '', 'tell_everyone', 'Расскажите друзьям о нашем клубе, если у них есть дети :-)'),
(64, 'static_about', 0, '', 'question', 'Как развивать ребенка, если не хватает времени?'),
(65, 'static_about', 0, '', 'director_name', 'Алла Збаращук'),
(66, 'static_about', 0, '', 'director_prof', 'директор и основатель'),
(67, 'static_about', 0, '', 'feature_title', 'Особенности «Bambini»'),
(68, 'fidback', 0, '', 'mail_rec', 'mr.kaluchii@mail.ru'),
(69, 'fidback', 0, '', 'mail_username', 'aaron.klark@mail.ru'),
(70, 'fidback', 0, '', 'site_name', 'Bambini'),
(72, 'static_about', 37, 'features', 'feature_name', 'Уютные классы'),
(73, 'static_about', 38, 'features', 'feature_name', 'Развивающая среда'),
(74, 'static_about', 39, 'features', 'feature_name', 'Кварцевание'),
(75, 'static_about', 41, 'features', 'feature_name', 'Команда педагогов'),
(76, 'dom_upgrade', 52, 'upgrade_programs', 'name', 'Раннее развитие от 6 месяцев до 4 лет'),
(77, 'dom_upgrade', 52, 'upgrade_programs', 'program_name', 'Раннее развитие от 6 месяцев до 4 лет'),
(78, 'dom_upgrade', 53, 'upgrade_programs', 'name', 'Скоро в школу от 4 лет до 5 лет'),
(79, 'dom_upgrade', 53, 'upgrade_programs', 'program_name', 'Скоро в школу от 4 лет до 5 лет'),
(80, 'dom_upgrade', 54, 'upgrade_programs', 'name', 'Скоро в школу от 6 лет до 7 лет'),
(81, 'dom_upgrade', 54, 'upgrade_programs', 'program_name', 'Скоро в школу от 6 лет до 7 лет'),
(82, 'dom_target_upgrade', 55, 'program_type', 'type_name', 'Целевые программы'),
(83, 'dom_target_upgrade', 55, 'program_type', 'type_descr', 'Если ребенок имеет выраженный талант, а вы хотите его развивать, мы подготовим индивидуальную программу для занятий в клубе и дома.'),
(84, 'dom_target_upgrade', 56, 'program_type', 'type_name', 'Программы персонального развития'),
(85, 'dom_target_upgrade', 56, 'program_type', 'type_descr', 'Мы помогаем преодолеть скованность и стеснительность, исправить дефекты речи, развить интерес к общению и активной учебе.'),
(86, 'dom_target_upgrade', 57, 'upgrade_program', 'name', 'Логопед-дефектолог'),
(87, 'dom_target_upgrade', 57, 'upgrade_program', 'program_name', 'Логопед-дефектолог'),
(88, 'dom_target_upgrade', 57, 'upgrade_program', 'program_name_descr', '(русский, казахский)'),
(89, 'dom_target_upgrade', 58, 'upgrade_program', 'name', 'Детский психолог'),
(90, 'dom_target_upgrade', 58, 'upgrade_program', 'program_name', 'Детский психолог'),
(91, 'dom_target_upgrade', 58, 'upgrade_program', 'program_name_descr', 'в группе и индивидуально'),
(92, 'dom_target_upgrade', 59, 'upgrade_program', 'name', 'Профориентация от 14-17 лет'),
(93, 'dom_target_upgrade', 59, 'upgrade_program', 'program_name', 'Профориентация от 14-17 лет'),
(94, 'dom_target_upgrade', 59, 'upgrade_program', 'program_name_descr', ''),
(95, 'dom_target_upgrade', 60, 'upgrade_program', 'name', 'Субботняя группа'),
(96, 'dom_target_upgrade', 60, 'upgrade_program', 'program_name', 'Субботняя группа'),
(97, 'dom_target_upgrade', 60, 'upgrade_program', 'program_name_descr', ''),
(101, 'dom_target_upgrade', 62, 'upgrade_program', 'name', 'Репетиторство начальных классов'),
(102, 'dom_target_upgrade', 62, 'upgrade_program', 'program_name', 'Репетиторство начальных классов'),
(103, 'dom_target_upgrade', 62, 'upgrade_program', 'program_name_descr', ''),
(104, 'dom_target_upgrade', 63, 'upgrade_program', 'name', 'Ментальная арифметика'),
(105, 'dom_target_upgrade', 63, 'upgrade_program', 'program_name', 'Ментальная арифметика'),
(106, 'dom_target_upgrade', 63, 'upgrade_program', 'program_name_descr', 'UCMAS'),
(110, 'dom_target_upgrade', 65, 'upgrade_program', 'name', 'Юные художники'),
(111, 'dom_target_upgrade', 65, 'upgrade_program', 'program_name', 'Юные художники от 4 до 11 лет'),
(112, 'dom_target_upgrade', 65, 'upgrade_program', 'program_name_descr', ''),
(113, 'dom_target_upgrade', 66, 'upgrade_program', 'name', 'Английский язык'),
(114, 'dom_target_upgrade', 66, 'upgrade_program', 'program_name', 'Английский язык'),
(115, 'dom_target_upgrade', 66, 'upgrade_program', 'program_name_descr', 'в группе и индивидуально'),
(116, 'dom_staff', 67, 'staff_list', 'name', 'Яценко Ольга Борисовна'),
(117, 'dom_staff', 67, 'staff_list', 'dolzhnost', 'Администратор клуба'),
(118, 'dom_staff', 68, 'staff_list', 'name', 'Городецкая Ольга Игоревна'),
(119, 'dom_staff', 68, 'staff_list', 'dolzhnost', 'Педагог'),
(120, 'dom_staff', 69, 'staff_list', 'name', 'Сардарова Зарина Османовна'),
(121, 'dom_staff', 69, 'staff_list', 'dolzhnost', 'Педагог, методист, логопед-дефектолог'),
(122, 'dom_staff', 70, 'staff_list', 'name', 'Карева Наталья Викторовна'),
(123, 'dom_staff', 70, 'staff_list', 'dolzhnost', 'Педагог по творчеству'),
(126, 'fidback', 72, 'ask', 'fio', 'иби'),
(127, 'fidback', 72, 'ask', 'email', 'demigod96@bk.ru'),
(128, 'fidback', 72, 'ask', 'question', 'поле строковое - question'),
(129, 'dom_target_upgrade', 118, 'upgrade_program', 'name', 'Прикладное Творчество'),
(130, 'dom_target_upgrade', 118, 'upgrade_program', 'program_name', 'Прикладное творчество от 4 до 15 лет'),
(131, 'dom_target_upgrade', 118, 'upgrade_program', 'program_name_descr', ''),
(132, 'fidback', 226, 'ask', 'fio', 'name'),
(133, 'fidback', 226, 'ask', 'email', 'me.kaluchii@mail.ru'),
(134, 'fidback', 226, 'ask', 'question', 'поле строковое - question'),
(135, 'fidback', 227, 'ask', 'fio', 'qwe'),
(136, 'fidback', 227, 'ask', 'email', 'aaron.klark@mail.ru'),
(137, 'fidback', 227, 'ask', 'question', 'поле строковое - question'),
(138, 'fidback', 228, 'ask', 'fio', 'asd'),
(139, 'fidback', 228, 'ask', 'email', 'mr.kaluchii@mail.ru'),
(140, 'fidback', 228, 'ask', 'question', 'поле строковое - question'),
(141, 'fidback', 229, 'ask', 'fio', 'йцу'),
(142, 'fidback', 229, 'ask', 'email', 'aaron.klark@mail.ru'),
(143, 'fidback', 229, 'ask', 'question', 'поле строковое - question'),
(144, 'fidback', 230, 'ask', 'fio', 'qwerqwr'),
(145, 'fidback', 230, 'ask', 'email', 'mr.kaluchii@mail.ru'),
(146, 'fidback', 230, 'ask', 'question', 'поле строковое - question'),
(147, 'fidback', 231, 'ask', 'fio', 'asfaf'),
(148, 'fidback', 231, 'ask', 'email', 'mr.kaluchii@mail.ru'),
(149, 'fidback', 231, 'ask', 'question', 'поле строковое - question'),
(150, 'fidback', 232, 'ask', 'fio', 'Лфдддфа'),
(151, 'fidback', 232, 'ask', 'email', 'mr.kaluchii@mail.ru'),
(152, 'fidback', 232, 'ask', 'question', 'поле строковое - question'),
(153, 'fidback', 233, 'ask', 'fio', 'ghfjdjdjh'),
(154, 'fidback', 233, 'ask', 'email', 'mr.kaluchii@mail.ru'),
(155, 'fidback', 233, 'ask', 'question', 'поле строковое - question'),
(156, 'fidback', 234, 'ask', 'fio', 'hfhjfj'),
(157, 'fidback', 234, 'ask', 'email', 'mr.kaluchii@mail.ru'),
(158, 'fidback', 234, 'ask', 'question', 'поле строковое - question'),
(159, 'fidback', 235, 'ask', 'fio', 'sdgsdg'),
(160, 'fidback', 235, 'ask', 'email', 'mr.kaluchii@mail.ru'),
(161, 'fidback', 235, 'ask', 'question', 'поле строковое - question'),
(162, 'fidback', 236, 'ask', 'fio', 'xzfasG'),
(163, 'fidback', 236, 'ask', 'email', 'mr.kaluchii@mail.ru'),
(164, 'fidback', 236, 'ask', 'question', 'поле строковое - question'),
(165, 'fidback', 237, 'ask', 'fio', 'Роман'),
(166, 'fidback', 237, 'ask', 'email', 'demigod96@bk.ru'),
(167, 'fidback', 237, 'ask', 'question', 'поле строковое - question'),
(168, 'fidback', 238, 'ask', 'fio', 'dgsdagsdh'),
(169, 'fidback', 238, 'ask', 'email', 'mr.kaluchii@mail.ru'),
(170, 'fidback', 238, 'ask', 'question', 'поле строковое - question'),
(171, 'fidback', 239, 'ask', 'fio', 'asgagab'),
(172, 'fidback', 239, 'ask', 'email', 'mr.kaluchii@mail.ru'),
(173, 'fidback', 239, 'ask', 'question', 'поле строковое - question'),
(174, 'fidback', 240, 'ask', 'fio', 'лоиоми'),
(175, 'fidback', 240, 'ask', 'email', 'aaron.klark@mail.ru'),
(176, 'fidback', 240, 'ask', 'question', 'поле строковое - question'),
(177, 'fidback', 241, 'ask', 'fio', 'asfasga'),
(178, 'fidback', 241, 'ask', 'email', 'mr.kaluchii@mail.ru'),
(179, 'fidback', 241, 'ask', 'question', 'поле строковое - question'),
(180, 'fidback', 242, 'ask', 'fio', 'sdhsdsjs'),
(181, 'fidback', 242, 'ask', 'email', 'mr.kaluchii@mail.ru'),
(182, 'fidback', 242, 'ask', 'question', 'поле строковое - question'),
(183, 'fidback', 243, 'ask', 'fio', 'Борис'),
(184, 'fidback', 243, 'ask', 'email', 'wsad@ok.kz'),
(185, 'fidback', 243, 'ask', 'question', 'поле строковое - question'),
(186, 'fidback', 244, 'ask', 'fio', 'Борис'),
(187, 'fidback', 244, 'ask', 'email', 'wsad@ok.kz'),
(188, 'fidback', 244, 'ask', 'question', 'поле строковое - question'),
(189, 'fidback', 245, 'ask', 'fio', 'jdjdkdk'),
(190, 'fidback', 245, 'ask', 'email', 'mr.kaluchii@mail.ru'),
(191, 'fidback', 245, 'ask', 'question', 'поле строковое - question'),
(192, 'fidback', 246, 'ask', 'fio', 'afafgag'),
(193, 'fidback', 246, 'ask', 'email', 'mr.kaluchii@mail.ru'),
(194, 'fidback', 246, 'ask', 'question', 'поле строковое - question'),
(195, 'fidback', 247, 'ask', 'fio', 'xncmcm'),
(196, 'fidback', 247, 'ask', 'email', 'mr.kaluchii@mail.ru'),
(197, 'fidback', 247, 'ask', 'question', 'поле строковое - question'),
(198, 'fidback', 248, 'ask', 'fio', 'xbxxnnx'),
(199, 'fidback', 248, 'ask', 'email', 'mr.kaluchii@mail.ru'),
(200, 'fidback', 248, 'ask', 'question', 'поле строковое - question'),
(201, 'fidback', 249, 'ask', 'fio', 'dafafafaf'),
(202, 'fidback', 249, 'ask', 'email', 'aaron.klark@mai.ru'),
(203, 'fidback', 249, 'ask', 'question', 'поле строковое - question'),
(204, 'fidback', 250, 'ask', 'fio', 'zzbzbz'),
(205, 'fidback', 250, 'ask', 'email', 'mr.kaluchii@mail.ru'),
(206, 'fidback', 250, 'ask', 'question', 'поле строковое - question'),
(207, 'fidback', 251, 'ask', 'fio', 'asgasdgsadh'),
(208, 'fidback', 251, 'ask', 'email', 'mr.kaluchii@mail.ru'),
(209, 'fidback', 251, 'ask', 'question', 'поле строковое - question'),
(210, 'fidback', 252, 'ask', 'fio', 'sdhshs'),
(211, 'fidback', 252, 'ask', 'email', 'mr.kaluchii@mail.ru'),
(212, 'fidback', 252, 'ask', 'question', 'поле строковое - question'),
(213, 'fidback', 253, 'ask', 'fio', 'afafaga'),
(214, 'fidback', 253, 'ask', 'email', 'mr.kaluchii@mail.ru'),
(215, 'fidback', 253, 'ask', 'question', 'поле строковое - question'),
(216, 'fidback', 254, 'ask', 'fio', 'sbsnsn'),
(217, 'fidback', 254, 'ask', 'email', 'mr.kaluchii@mail.ru'),
(218, 'fidback', 254, 'ask', 'question', 'поле строковое - question'),
(219, 'fidback', 255, 'ask', 'fio', 'sdgsdgh'),
(220, 'fidback', 255, 'ask', 'email', 'asfaf@afaf.yu'),
(221, 'fidback', 255, 'ask', 'question', 'поле строковое - question'),
(222, 'fidback', 256, 'ask', 'fio', 'asgag'),
(223, 'fidback', 256, 'ask', 'email', 'mr.kaluchii@mail.ru'),
(224, 'fidback', 256, 'ask', 'question', 'поле строковое - question'),
(225, 'fidback', 257, 'ask', 'fio', 'afafafa'),
(226, 'fidback', 257, 'ask', 'email', 'mr.kaluchii@mail.ru'),
(227, 'fidback', 257, 'ask', 'question', 'поле строковое - question'),
(228, 'fidback', 258, 'ask', 'fio', 'fasfas'),
(229, 'fidback', 258, 'ask', 'email', 'adadA@mail.ru'),
(230, 'fidback', 258, 'ask', 'question', 'поле строковое - question'),
(231, 'fidback', 259, 'ask', 'fio', 'asgasgag'),
(232, 'fidback', 259, 'ask', 'email', 'asfasf@mail.ru'),
(233, 'fidback', 259, 'ask', 'question', 'поле строковое - question'),
(234, 'fidback', 260, 'ask', 'fio', 'agagag'),
(235, 'fidback', 260, 'ask', 'email', 'adagdgd@mail.ru'),
(236, 'fidback', 260, 'ask', 'question', 'поле строковое - question'),
(237, 'fidback', 261, 'ask', 'fio', 'zgasgagag'),
(238, 'fidback', 261, 'ask', 'email', 'aaron.klark@mail.ru'),
(239, 'fidback', 261, 'ask', 'question', 'поле строковое - question'),
(240, 'fidback', 262, 'ask', 'fio', 'adafaf'),
(241, 'fidback', 262, 'ask', 'email', 'mr.kaluchii@mail.ru'),
(242, 'fidback', 262, 'ask', 'question', 'поле строковое - question'),
(243, 'fidback', 263, 'ask', 'fio', 'dasfafa'),
(244, 'fidback', 263, 'ask', 'email', 'mr.kaluchii@mail.ru'),
(245, 'fidback', 263, 'ask', 'question', 'поле строковое - question'),
(246, 'fidback', 264, 'ask', 'fio', 'sdgsdhsfdh'),
(247, 'fidback', 264, 'ask', 'email', 'mr.kaluchii@mail.ru'),
(248, 'fidback', 264, 'ask', 'question', 'поле строковое - question'),
(249, 'fidback', 265, 'ask', 'fio', 'sgsgs'),
(250, 'fidback', 265, 'ask', 'email', 'mr.kaluchii@mail.ru'),
(251, 'fidback', 265, 'ask', 'question', 'поле строковое - question'),
(252, 'fidback', 266, 'ask', 'fio', 'Борис'),
(253, 'fidback', 266, 'ask', 'email', 'wsad@ok.kz'),
(254, 'fidback', 266, 'ask', 'question', 'поле строковое - question'),
(255, 'fidback', 267, 'ask', 'fio', 'Борис'),
(256, 'fidback', 267, 'ask', 'email', 'wsad@ok.kz'),
(257, 'fidback', 267, 'ask', 'question', 'поле строковое - question'),
(258, 'fidback', 268, 'ask', 'fio', 'asfasfasgag'),
(259, 'fidback', 268, 'ask', 'email', 'mr.kaluadadi@mail.ru'),
(260, 'fidback', 268, 'ask', 'question', 'поле строковое - question'),
(261, 'fidback', 269, 'ask', 'fio', 'afafa'),
(262, 'fidback', 269, 'ask', 'email', 'dada@mada.ra'),
(263, 'fidback', 269, 'ask', 'question', 'поле строковое - question'),
(264, 'fidback', 270, 'ask', 'fio', 'asgaga'),
(265, 'fidback', 270, 'ask', 'email', 'agag@AG.GA'),
(266, 'fidback', 270, 'ask', 'question', 'поле строковое - question'),
(267, 'fidback', 271, 'ask', 'fio', 'fafaf'),
(268, 'fidback', 271, 'ask', 'email', 'afaf@afa.fh'),
(269, 'fidback', 271, 'ask', 'question', 'поле строковое - question'),
(270, 'fidback', 272, 'ask', 'fio', 'asfasf'),
(271, 'fidback', 272, 'ask', 'email', 'asfafa@faf.fafa'),
(272, 'fidback', 272, 'ask', 'question', 'поле строковое - question'),
(273, 'fidback', 273, 'ask', 'fio', 'sdhsdhsh'),
(274, 'fidback', 273, 'ask', 'email', 'asf@awgag.ghkg'),
(275, 'fidback', 274, 'ask', 'fio', 'sdhsdh'),
(276, 'fidback', 274, 'ask', 'email', 'sdhsdh@shs.jfg'),
(277, 'dom_staff', 278, 'staff_list', 'name', 'Збаращук Кристина Дмитриевна'),
(278, 'dom_staff', 278, 'staff_list', 'dolzhnost', 'Педагог'),
(279, 'static_all_site', 0, '', 'landline_phone', '+7 (727) 269-72-40'),
(280, 'dom_target_upgrade', 288, 'upgrade_program', 'name', 'Скорочтение'),
(281, 'dom_target_upgrade', 288, 'upgrade_program', 'program_name', 'Скорочтение от 5 до 7 лет'),
(282, 'dom_target_upgrade', 288, 'upgrade_program', 'program_name_descr', ''),
(283, 'dom_staff', 312, 'staff_list', 'name', 'Жолдыбаева Айнур Бекзатхановна'),
(284, 'dom_staff', 312, 'staff_list', 'dolzhnost', 'Логопед-дефектолог, сурдопедагог (казахский)'),
(285, 'fidback', 317, 'ask', 'fio', 'asfasfas'),
(286, 'fidback', 317, 'ask', 'email', 'mr.kaluchii@mail.ru'),
(287, 'fidback', 318, 'ask', 'fio', 'afafafaghh'),
(288, 'fidback', 318, 'ask', 'email', 'aaron.klark@mail.ru'),
(289, 'fidback', 319, 'ask', 'fio', 'Дмитрий'),
(290, 'fidback', 319, 'ask', 'email', 'dima_nlp@mail.ru'),
(291, 'fidback', 320, 'lesson', 'fio', 'Гульбадам'),
(292, 'fidback', 320, 'lesson', 'email', 'a_gulba@mail.ru'),
(293, 'fidback', 320, 'lesson', 'phone', '87017472746'),
(294, 'fidback', 320, 'lesson', 'comment', 'поле строковое - comment'),
(295, 'fidback', 321, 'lesson', 'fio', 'Гульбадам'),
(296, 'fidback', 321, 'lesson', 'email', 'a_gulba@mail.ru'),
(297, 'fidback', 321, 'lesson', 'phone', '87017472746'),
(298, 'fidback', 321, 'lesson', 'comment', 'поле строковое - comment'),
(299, 'fidback', 322, 'ask', 'fio', 'Макпал'),
(300, 'fidback', 322, 'ask', 'email', 'Altin_88.88_88@mail.ru'),
(301, 'fidback', 323, 'lesson', 'fio', 'снежанна'),
(302, 'fidback', 323, 'lesson', 'email', 'stazhetdinova@mail.ru'),
(303, 'fidback', 323, 'lesson', 'phone', '87758809796'),
(304, 'fidback', 323, 'lesson', 'comment', 'поле строковое - comment'),
(305, 'fidback', 324, 'ask', 'fio', 'Наталья'),
(306, 'fidback', 324, 'ask', 'email', 'ncuhalenko@gmail.com'),
(307, 'fidback', 325, 'lesson', 'fio', 'Айгуль'),
(308, 'fidback', 325, 'lesson', 'email', 'akunesbay@mail.ru'),
(309, 'fidback', 325, 'lesson', 'phone', '87070400400'),
(310, 'fidback', 325, 'lesson', 'comment', 'поле строковое - comment'),
(311, 'fidback', 326, 'ask', 'fio', 'Светлана'),
(312, 'fidback', 326, 'ask', 'email', 'vyalkova-s@asaiinvest.kz'),
(313, 'fidback', 327, 'lesson', 'fio', 'светлана'),
(314, 'fidback', 327, 'lesson', 'email', 'poplawska.s@o2.pl'),
(315, 'fidback', 327, 'lesson', 'phone', '87775011848'),
(316, 'fidback', 327, 'lesson', 'comment', 'поле строковое - comment'),
(317, 'fidback', 328, 'ask', 'fio', 'Александра'),
(318, 'fidback', 328, 'ask', 'email', 'Aleksa1985_04@mail.ru'),
(319, 'fidback', 329, 'lesson', 'fio', 'Арман'),
(320, 'fidback', 329, 'lesson', 'email', 'akalabayev1@gmail.com'),
(321, 'fidback', 329, 'lesson', 'phone', '+77019972323'),
(322, 'fidback', 329, 'lesson', 'comment', 'поле строковое - comment'),
(323, 'fidback', 330, 'ask', 'fio', 'Малика'),
(324, 'fidback', 330, 'ask', 'email', '001malika@gmail.com'),
(325, 'fidback', 331, 'lesson', 'fio', 'zaure'),
(326, 'fidback', 331, 'lesson', 'email', 'zaure@inbox.ru'),
(327, 'fidback', 331, 'lesson', 'phone', '87071100018'),
(328, 'fidback', 331, 'lesson', 'comment', 'поле строковое - comment'),
(329, 'fidback', 332, 'lesson', 'fio', 'ЗАУРЕ'),
(330, 'fidback', 332, 'lesson', 'email', 'zaure@inbox.ru'),
(331, 'fidback', 332, 'lesson', 'phone', '87071100018'),
(332, 'fidback', 332, 'lesson', 'comment', 'поле строковое - comment'),
(335, 'dom_staff', 334, 'staff_list', 'name', 'Миронюк Татьяна Генадьевна'),
(336, 'dom_staff', 334, 'staff_list', 'dolzhnost', 'Педагог'),
(337, 'fidback', 355, 'ask', 'fio', 'Багдат'),
(338, 'fidback', 355, 'ask', 'email', 'syrlybayevbr@gmail.com'),
(339, 'fidback', 356, 'lesson', 'fio', 'Зарина'),
(340, 'fidback', 356, 'lesson', 'email', 'skripchenko-zarina@yandex.ru'),
(341, 'fidback', 356, 'lesson', 'phone', '+77021625181'),
(342, 'fidback', 356, 'lesson', 'comment', 'поле строковое - comment'),
(343, 'fidback', 357, 'lesson', 'fio', 'Алина'),
(344, 'fidback', 357, 'lesson', 'email', 'alina.kz91@mail.ru'),
(345, 'fidback', 357, 'lesson', 'phone', '87774800002'),
(346, 'fidback', 357, 'lesson', 'comment', 'поле строковое - comment');

-- --------------------------------------------------------

--
-- Структура таблицы `textfields`
--

CREATE TABLE IF NOT EXISTS `textfields` (
`id` int(10) unsigned NOT NULL,
  `block_name` varchar(255) COLLATE utf8_unicode_ci NOT NULL,
  `group_id` int(11) NOT NULL,
  `group_name` varchar(255) COLLATE utf8_unicode_ci NOT NULL,
  `name` varchar(255) COLLATE utf8_unicode_ci NOT NULL,
  `value` text COLLATE utf8_unicode_ci NOT NULL
) ENGINE=InnoDB AUTO_INCREMENT=70 DEFAULT CHARSET=utf8 COLLATE=utf8_unicode_ci;

--
-- Дамп данных таблицы `textfields`
--

INSERT INTO `textfields` (`id`, `block_name`, `group_id`, `group_name`, `name`, `value`) VALUES
(25, 'static_about', 0, '', 'director_descr', '<p>Каждый родитель знает, мозг активней всего формируется до 6 лет: это главный этап умственного развития. Пропустив его, малыш начинает отставать от сверстников, ему сложно дается учеба в школе, он замыкается в коллективе, избегает общения. Восполнить этот пробел неимоверно сложно.</p><p>Но жизнь такова, что иногда мы действительно не успеваем дать ребенку необходимое: работа и бытовые обязанности занимают слишком много времени.</p><p>Поэтому мы открыли Bambini. Мы хотим, чтобы наши дети могли научиться творчеству и общению в коллективе, учились с интересом и энтузиазмом, а родители были спокойны: малыш получит достаточно внимания, заботы и пользы.</p>'),
(26, 'static_contacts', 0, '', 'contact_descr', '<p>Микрорайон Казахфильм (выше конечной) ул.Бул-Бул 26, оф. 1, ЖК «Мирас»</p><p>Телефон:8(707)214-22-20 Телефон:8(727)269-72-40</p><p><a href="mailto:bambini.club@mail.ru"> bambini.club@mail.ru</a></p>'),
(28, 'static_about', 37, 'features', 'feature_descr', '<p>Дети могут активно двигаться во время игр и занятий.</p>'),
(29, 'static_about', 38, 'features', 'feature_descr', '<p>Мы оформили клуб так, что детям в нем интересно и комфортно.</p>'),
(30, 'static_about', 39, 'features', 'feature_descr', '<p>Отправляя малыша, будьте спокойны за его здоровье. У нас чисто, мы кварцуем классы ежедневно.</p>'),
(31, 'static_about', 41, 'features', 'feature_descr', '<p>Занятия ведут опытные педагоги с развитыми навыками обучения и общения с детьми.</p>'),
(32, 'dom_upgrade', 52, 'upgrade_programs', 'descr', '<p>Мы будем вместе с вами учить малышей взаимодействовать с другими детками и взрослыми, понимать себя и исследовать окружающий мир.</p><h2>Каждое занятие включает в себя:</h2><p>Интеллектуальное развитие ребенка – память, мышление, внимание, логика. Учим цвета, формы, познаем окружающий мир, правильно считаем предметы. Уже с трех лет учимся читать и запоминаем цифры.</p><p>Учимся говорить правильно, отвечать на вопросы, вживаемся в образ, фантазируем.</p><p>Сенсорные упражнения, направленные на познание и изучение всех свойств предметов: величину, объем, форму, цвет, вкус, вес, поверхность;</p><p>Развитие творческих способностей (лепка, основы квилинга, учимся раскрашивать, аппликация, пальчиковые краски, конструирование)</p><p>Подвижные игры – направленные на социализацию и развитие координации движений вашего ребенка.</p><p>Музыкально-ритмические упражнения — игры, направленные на развитие слуха и чувства ритма; знакомство с музыкальными инструментами.</p><p>Занятия проводят опытные педагоги-психологи.</p><p>Ваш ребенок незаметно для себя из наших увлекательных игр получит знания об окружающем мире.</p><p>Научиться считать и писать, правильно держать карандаш, логически мыслить, творчески подходить к заданиям, общаться со сверстниками и взрослыми.</p><p>Ждем Вашего малыша в нашем клубе!!!<br></p>'),
(33, 'dom_upgrade', 52, 'upgrade_programs', 'preview_descr', '<p>Мы помогаем малышу освоиться в мире, научится ходить и говорить, различать цвет и форму, получить первые навыки общения и творчества.</p>'),
(34, 'dom_upgrade', 53, 'upgrade_programs', 'descr', '<h2>Подготовка к школе</h2><p>Скоро в школу и родители  встревожены, что ребенок еще не научился читать и писать? Не страшно! Мы предлагаем увлекательно, быстро и результативно справится с этой задачей; подбираем эффективные программы под Вашего ребенка, учитывая особенности его развития,  которые в дальнейшем способствуют успешному обучению в школе.</p><p>Во время обучения в группе <strong>«Скоро в школу»</strong> ребенок не только познакомится с предметами, которые ему повстречаются в школе: чтение, математика, английский язык и т.д., но и с помощью развивающих упражнений будет развивать свой интеллект. Наши занятия, в основном направлены на развитие памяти, мышления и внимании ребенка. При поступлении в школу дети должны уметь концентрироваться на поставленной задаче, ставить перед собой цели. Не менее важным, является умение вести себя в обществе, что, естественно, включено в программу обучения нашего клуба.</p><p>Программа проводится по методике Ломоносова и по разработанным методикам педагога, данное занятие длится 2 часа.</p><p><strong>Подготовка ведется  в группах (с развитием логического мышления на русском и казахском языках).</strong></p><h2>В нее входят следующие задачи:</h2><ul><li><span style="font-family: Arial, sans-serif; font-size: 16px; background-color: initial;">Развитие речи</span><br></li><li><span style="font-family: Arial, sans-serif; font-size: 16px; background-color: initial;">Развитие памяти и внимания</span><br></li><li><span style="font-family: Arial, sans-serif; font-size: 16px; background-color: initial;">Развитие логики</span><br></li><li><span style="font-family: Arial, sans-serif; font-size: 16px; background-color: initial;">Обучение чтению</span><br></li><li><span style="font-family: Arial, sans-serif; font-size: 16px; background-color: initial;">Обучение счету</span><br></li><li><span style="font-family: Arial, sans-serif; font-size: 16px; background-color: initial;">Подготовка руки к письму</span><br></li><li><span style="font-family: Arial, sans-serif; font-size: 16px; background-color: initial;">Познание окружающего мира</span><br></li><li><span style="font-family: Arial, sans-serif; font-size: 16px; background-color: initial;">Творчество</span></li><li><span style="font-family: Arial, sans-serif; font-size: 16px; background-color: initial;">Развития умения устанавливать со сверстниками</span></li></ul><h2>Дети с ограниченными возможностями&nbsp;</h2><p>Задача педагога-дефектолога дать ребёнку с ограниченными возможностями жить полноценной жизнью, приобщиться к окружающему миру, его достижениям и ценностям. Мы не только занимаемся интеллектуальным развитием своих учеников и даём некоторый багаж школьных знаний. Мы готовим детей к самостоятельной жизни, прививая необходимые для этого навыки.</p><p>Первый принцип нашей работы – педагогический оптимизм, без которого нет смысла заниматься с детьми, которые нуждаются в особой помощи. Человеческая доброта и вера в каждого ребенка – это то, без чего педагогические методики просто не работают.&nbsp;</p><p>Как настоящие педагоги в ребёнке с ограниченными возможностями мы видим уникальную личность, и работаем ради неё. Такая работа связана с большими эмоциональными, а иногда и с физическими нагрузками. Но видеть, как ребёнок делает шаг за шагом, делая всё новые и новые успехи – это главная наша радость в работе с детьми с ограниченными возможностями.</p>'),
(35, 'dom_upgrade', 53, 'upgrade_programs', 'preview_descr', '<p>Мы поддерживаем принципы, Масару Ибуки: мозг ребенка активней всего развивается до 3 лет, а мы приготовили собственный учебный курс для всестороннего развития. Подготовка ведется в группах (с развитием логического мышления на русском и казахском языках по методике Ломоносова и Петерсона).&nbsp;</p>'),
(36, 'dom_upgrade', 54, 'upgrade_programs', 'descr', '<h2>Скоро в школу</h2><p>Во время обучения в группе <strong>«Скоро в школу»</strong> ребенок не только познакомится с предметами, которые ему повстречаются в школе: чтение, математика, английский язык и т.д., но и с помощью развивающих упражнений будет развивать свой интеллект. Наши занятия, в основном направлены на развитие памяти, мышления и внимании ребенка. При поступлении в школу дети должны уметь концентрироваться на поставленной задаче, ставить перед собой цели. Не менее важным, является умение вести себя в обществе, что, естественно, включено в программу обучения нашего клуба.</p><p>Программа проводится по методике Ломоносова и по разработанным методикам педагога, данное занятие длится 2 часа.</p><p><strong>Подготовка ведется  в группах (с развитием логического мышления на русском и казахском языках).</strong></p><h2>В нее входят следующие задачи:</h2><ul><li><span style="font-family: Arial, sans-serif; font-size: 16px; background-color: initial;">Развитие речи</span><br></li><li><span style="font-family: Arial, sans-serif; font-size: 16px; background-color: initial;">Развитие памяти и внимания</span><br></li><li><span style="font-family: Arial, sans-serif; font-size: 16px; background-color: initial;">Развитие логики</span><br></li><li><span style="font-family: Arial, sans-serif; font-size: 16px; background-color: initial;">Обучение чтению</span><br></li><li><span style="font-family: Arial, sans-serif; font-size: 16px; background-color: initial;">Обучение счету</span><br></li><li><span style="font-family: Arial, sans-serif; font-size: 16px; background-color: initial;">Подготовка руки к письму</span><br></li><li><span style="font-family: Arial, sans-serif; font-size: 16px; background-color: initial;">Познание окружающего мира</span><br></li><li><span style="font-family: Arial, sans-serif; font-size: 16px; background-color: initial;">Творчество</span></li><li><span style="font-family: Arial, sans-serif; font-size: 16px; background-color: initial;">Развития умения устанавливать со сверстниками</span></li></ul><h2>Дети с ограниченными возможностями&nbsp;</h2><p>Задача педагога-дефектолога дать ребёнку с ограниченными возможностями жить полноценной жизнью, приобщиться к окружающему миру, его достижениям и ценностям. Мы не только занимаемся интеллектуальным развитием своих учеников и даём некоторый багаж школьных знаний. Мы готовим детей к самостоятельной жизни, прививая необходимые для этого навыки.</p><p>Первый принцип нашей работы – педагогический оптимизм, без которого нет смысла заниматься с детьми, которые нуждаются в особой помощи. Человеческая доброта и вера в каждого ребенка – это то, без чего педагогические методики просто не работают.&nbsp;</p><p>Как настоящие педагоги в ребёнке с ограниченными возможностями мы видим уникальную личность, и работаем ради неё. Такая работа связана с большими эмоциональными, а иногда и с физическими нагрузками. Но видеть, как ребёнок делает шаг за шагом, делая всё новые и новые успехи – это главная наша радость в работе с  детьми с ограниченными возможностями.</p>'),
(37, 'dom_upgrade', 54, 'upgrade_programs', 'preview_descr', '<p>Готовимся к школе и помогаем преодолеть стресс, когда привычный детский сад меняется на незнакомую школу и новый коллектив. Подготовка ведется в группах (с развитием логического мышления на русском и казахском языках по методике Ломоносова и Петерсона).</p>'),
(38, 'dom_target_upgrade', 57, 'upgrade_program', 'descr', '<h2>Добро пожаловать на страницу логопеда — дефектолога</h2><p>Вы считаете, что у вашего ребенка есть речевые проблемы?</p><p>Логопед поможет Вам оценить сложившуюся ситуацию. Отметит, какие есть отклонения в говорении, понимании, общении, какие стороны речи и психической жизни необходимо развивать. Дело в том, что речь тесно связана с ритмическими способностями, координацией движений и мелкой моторикой, слуховым вниманием и др.</p><p>Логопед знает, как</p><p>- научить ребенка правильно произносить звуки</p><p>Коррекция звукопроизношения — самый распространенный вид работы логопеда. Самыми распространенными недостатками речи у детей являются различные виды нарушения звукопроизношения: неумение произносить тот или иной звук, замена одного звука другим, искажения имеющегося звука.</p><p>- развивать фонематическое восприятие;</p><p>Что такое фонематическое восприятие и для чего оно служит?</p><p>Фонематическое восприятие — это способность воспринимать и различать звуки речи — фонемы. Качественное исправление звукопроизношения будет гарантировано при условии развитого фонематического восприятия. Развитие фонематического восприятия положительно влияет на формирование всей фонетической стороны речи, в том числе слоговой структуры слова.</p><p>- расширить словарь и сформировать грамматический строй речи (сюда относится накопление словаря, употребление предлогов, окончаний слов, построение фраз и др.); Словарь пятилетнего ребенка составляет 3-4 тысячи слов, в нем представлены все части речи; ребенок активно использует словообразование и словотворчество.</p><p>- работать над умением составлять рассказы, пересказы;</p><p>- обучить ребенка грамоте, чтению и письму;</p><p>- справиться с проблемой нарушения чтения, письма — дислексией и дисграфией;</p><p>- формировать слоговую структуру слова;</p><p>Для ребенка составляется индивидуальная коррекционная программа, подбираются задания и упражнения.</p>'),
(39, 'dom_target_upgrade', 58, 'upgrade_program', 'descr', '<p>Часто у родителей появляются сомнения по поводу поведения и развития своих детей, возникают вопросы: «Все ли нормально с моим ребенком?», «Как я могу помочь моему ребенку?», «Может, я сам что-то делаю неверно?». Увы, не всегда получается найти ответ на волнующий вопрос, и не всегда получается справиться с возникшими в ходе воспитания трудностями самостоятельно.</p><p>В рамках психологических консультаций родители могут получить информацию и рекомендации по поводу развития детей дошкольного и младшего школьного возраста, найти ответы на волнующие их вопросы.</p><p>Для меня ребенок – это, в первую очередь, личность, которой необходима бережная помощь для гармоничного и полноценного развития. И я готова с радостью оказывать эту помощь с уважением и принятием к каждому своему ученику и клиенту — маленькому или большому.</p><h2>В консультацию психолога входит:</h2><ul><li><strong style="background-color: initial;">Диагностика ребенка (с выдачей прогностического диагноза)</strong><br></li><li><strong style="background-color: initial;">Эмпатичность</strong><br></li><li><strong style="background-color: initial;">Введение правил</strong><br></li><li><strong style="background-color: initial;">Отражение эмоций</strong><br></li><li><strong style="background-color: initial;">Развивающие и коррекционные занятия (после диагностики и консультации)</strong><br></li><li><strong style="background-color: initial;">Стили поведения в конфликте.</strong><br></li></ul><br>'),
(40, 'dom_target_upgrade', 59, 'upgrade_program', 'descr', '<p><strong>Выбор пути</strong> — вечная человеческая проблема, особенно в своем профессиональном аспекте. Ведь существенное количество времени современный человек проводит, ведя профессионально-трудовую деятельность. И самыми счастливыми людьми считаются те, которые, как говорится в пословицах <strong>«с удовольствием идут на работу и с радостью возвращаются домой»</strong> и <strong>«находят дело для души».</strong></p><p><strong style="line-height: 24px; background-color: initial;">Много ли Вы знаете таких людей, которые занимаются любимым делом?</strong></p><p><span style="font-family: Arial, sans-serif; font-size: 16px; background-color: initial;">Если да, то спросите у них, как они выбирали себе профессию, какими принципами руководствовались. Чаще же мы сталкиваемся с людьми, которые идут трудиться, «как на каторгу», и ждут, не дождутся выходных, работая исключительно ради заработной платы.Многие сталкиваются с ситуациями  разочарования в профессии, или трудностью ее освоения, либо с пониманием, что занимается не своим делом. Почему так происходит?</span><br></p><p>Часто это результат того, что процесс выбора профессии происходил неосознанно, под влиянием стереотипов. Иногда родители или друзья могут повлиять на неправильный выбор, советуя подростку зачастую те профессии, к которым склонны сами. &nbsp;</p><p><strong>Может ли современный подросток знать, какие ему профессии подходят, а какие нет? Даются ли такие ответы в садике, школе, дома?</strong></p><p><strong>Делает ли он выбор профессии, исходя из своих задатков и склонностей?</strong></p><p><strong>Есть ли у него гарантия того, что выбранная им профессия не разочарует его в будущем, и ему не придется принуждать себя работать?</strong></p><p>Если ответы на эти вопросы Вы самостоятельно найти не смогли, то Вы можете обратиться к специалистам в области профессионального консультирования и пройти тренинги по профессиональному ориентированию. В процессе профессиональной консультации и во время тренингов изучаются и сопоставляются возможности и желания человека с требованиями профессии к его здоровью, знаниям, личностным качествам с целью выработки рекомендации о наиболее предпочтительных путях трудового самоопределения.&nbsp;</p><p><strong>Наш клуб «Bambini» также предоставляет Вам возможность пройти тренинг профессионального  и личностного  самоопределения, на котором подросток, юноша, да и взрослый человек может сделать выбор профессии в соответствии с индивидуальными особенностями и требованиями современных экономических условий.</strong></p><p><strong>Если Вы заинтересовались данным тренингом, то ДОБРО ПОЖАЛОВАТЬ на наш корабль самопознания, плавание длится 20 часов!</strong></p><p><strong>Информация для людей, желающих посетить тренинг.</strong></p><p>* 5 занятий по 4 академических часа</p><p>* 1 занятие длится 180 минут</p><p>* 2 перерыва по 10 минут.</p><p>&nbsp;На занятие приходить в свободной, удобной одежде.</p>'),
(41, 'dom_target_upgrade', 60, 'upgrade_program', 'descr', '<p>В детском клубе «Bambini» программа основывается на зарекомендовавших себя методиках как российских, так и зарубежных педагогов и психологов. В нашем клубе работают педагоги-психологи очень любящие детей, они находят подход к каждому ребенку.&nbsp;</p><p>Главной целью детского клуба «Bambini» является, уделить особое внимание психологическому и интеллектуальному развитию ребенка. Каждый наш урок станет долгожданным днем для Вашего малыша. В клубе дети приобретут важные и необходимые для своего возраста знания и умения, найдут хороших друзей, научаться правильно, говорить и произносить звуки, быть любознательными, общительными, усердными и самостоятельными.</p><h2>&nbsp;Мы предлагаем следующие виды услуг:</h2><ul><li>Индивидуальный подход<br></li><li>Квалифицированные педагоги<br></li><li>Учения без мучения<br></li><li>Уютная обстановка<br></li><li>Безопасность<br></li></ul><br><p>Субботняя группа включает в себя следующие программы:</p><ul><li><a href="/ranee" title="Раннее развитие от 6 месяцев до 4 лет">Раннее развитие от 6 месяцев до 4 лет</a><br></li><li><a href="/skoro" title="Скоро в школу от 4 лет до 5 лет">Скоро в школу от 4 лет до 5 лет</a><br></li><li><a href="/score_4_7" title="Скоро в школу от 5 лет до 7 лет">Скоро в школу от 5 лет до 7 лет</a><br></li><li><a href="/yunye-hudozhniki" title="Юные художники">Юные художники</a><br></li><li><a href="/pracladnoe" title="Прикладное творчество" target="Прикладное творчество">Прикладное творчество</a><br></li></ul><br><p>и другие!</p>'),
(43, 'dom_target_upgrade', 62, 'upgrade_program', 'descr', '<h2>Репетиторство — это выработка умений и навыков поиска правильного выполнения определенного задания.</h2><p>В наши дни репетиторство становится все более популярным, так как в последнее время родители вкладывают в своих детей всё больше грамотности и образованности.</p><p>Как правило, к репетитору обращаются в разных случаях, тогда когда нужна помощь ребенку в решении его проблем по любому предмету школьной программы.</p><p>Во время занятий репетитор все свое время и свои знания уделяет только конкретному ребенку. А как известно, только индивидуальный подход помогает подняться на более высокий уровень знаний.</p>'),
(44, 'dom_target_upgrade', 63, 'upgrade_program', 'descr', '<h2><img src="http://bambini.dev1.interpro.kz/images/images_set_text_pict_122.jpg" alt="" style="line-height: 1.45em; font-family: Arial, sans-serif;"></h2><h2>UCMAS&nbsp;<span style="font-family: Arial, sans-serif; font-size: 16px; background-color: initial;">(Universal Concept of Mental Arithmetic System) – это&nbsp;</span><span style="font-family: Arial, sans-serif; font-size: 16px; background-color: initial;">уникальная программа развития умственных способностей детей от 4 до 12 лет, основанная на системе устного счета.</span></h2><p>Программа стартовала в Азии в 1993 году, получив Международное признание. На сегодняшний день действует около 5000 центров UCMAS более чем в 54 странах мира, таких как  Канада, США, Великобритания, Австрия, Испания, Австралия, Китай и страны Ближнего Востока. UCMAS в Казахстане работает с 2011 года и является первой и лидирующей программой Ментальной Арифметики в стране и в СНГ.</p><p>Программа сертифицирована на международном уровне, получив  сертификаты соответствия международному уровню преподавания и обучения ментальной арифметике. Академия UCMAS получила стандарт качества ISO 9001:2008 в индустрии образования. Сертификаты прилагаем.</p><p>Японскими и немецкими ученными были проведены исследования и была доказана высокая эффективность программы UCMAS в умственном развитии детей.</p><p>Также программа UCMAS  занесена в несколько книг мировых рекордов, побив рекорд по количеству учеников, одновременно сдающих экзамен (более 8000 человек).</p><h2>В чем заключается методика UCMAS?</h2><p>Дети слушают и считают одновременно, учатся умножать, делить, вычитать и складывать многозначные числа в уме и впоследствии считают быстрее калькулятора. Для того, чтобы им научиться это делать, они используют абакус – древние счеты. Сначала дети постигают все виды арифметических вычислений  на нем, затем постепенно начинают представлять себе косточки абакуса в уме и, мысленно представляя и передвигая их, дают моментальные ответы.</p><h2>Что получает ребенок?</h2><p>В результате работы программы UCMAS ребенок, сможет выполнять сложные арифметические действия, например, сложить десятизначные числа за несколько секунд. Однако, это далеко не единственный результат.  Благодаря UCMAS развивается и улучшается:</p><ul><li><strong style="background-color: initial;">Концентрация внимания</strong><br></li><li><strong style="background-color: initial;">Фотографическая память</strong><br></li><li><strong style="background-color: initial;">Точность и быстрота</strong><br></li><li><strong style="background-color: initial;">Уверенность в себе</strong><br></li><li><strong style="background-color: initial;">Творческое мышление</strong><br></li><li><strong style="background-color: initial;">Слух и наблюдательность</strong><br></li><li><strong style="background-color: initial;">Успехи в учебе</strong><br></li><li><strong style="background-color: initial;">Воображение и представление<span style="font-family: ''Trebuchet MS'', Helvetica, Verdana, sans-serif; line-height: 1.45em;">&nbsp;</span></strong><br></li></ul><br><p><span style="font-family: Arial, sans-serif; font-size: 16px; background-color: initial;"><strong>UCMAS – это высокоэффективная программа по целостному развитию интеллекта.</strong> Она создана для того, чтобы помочь ребенку развить его умственные способности, используя для этого устный счет в качестве главного инструмента и показателя дальнейших успехов в развитии детского мышления.</span></p><p>О том, что это программа работает не просто для осуществления детьми быстрых арифметических расчетов, а имеет реальные результаты, можно узнать от родителей, которые приводят своих детей на занятия по UCMAS.</p><p>Стали приходить отзывы о том, что у первоклассников скорость счета происходит в считанные секунды, у многих детей повысилась успеваемость в школе по всем предметам, они стали более сконцентрированными и организованными. Многие родители отмечают, что программа помогает детям в изучении  языков и музыкальной грамоте, когда нотный материал усваивается за несколько секунд. Так же ученики нашей программы, занимают призовые места на олимпиадах. Часто, родители рассказывают про то, что учителя математики просто не верят тому, когда видят, что ребенок считает быстрее класса, учителя математики, и даже быстрее калькулятора. Поэтому частенько они вызывают учеников Центра U C MAS к доске, чтобы убедиться, что ребенок делает подобные арифметические вычисления сам в уме.</p><p>Таким образом, обучаясь по программе UCMAS, дети закладывают твердую основу для дальнейших академических успехов и формирования всесторонне развитой личности.</p><p>Мы уверены, что, благодаря нашему с Вами сотрудничеству, мы вместе сможем достичь многого и вскоре увидеть положительные результаты – достижения детей и положительные отзывы родителей, что, безусловно, поднимет рейтинг на рынке Образовательных услуг!</p>'),
(46, 'dom_target_upgrade', 65, 'upgrade_program', 'descr', '<h2>Зачем детям нужно рисование?&nbsp;</h2><p>Иногда родители задаются вопросом, стоит ли водить ребенка на занятия рисованием. Рисование – это любимое занятие детей и один из способов познания мира. Через рисования ребенок приобщается к прекрасному, развивает фантазию, улучшает мелкую моторик, а так же учится рассуждать.</p><p>Так же на уроках рисования ребенок развивает в себе наблюдательность, аналитическое мышление, пространственное воображение, приучается к усидчивости и трудолюбию и другое.</p><p>Добавлю, что рисование также развивает наблюдательность, пространственное воображение и аналитическое мышление, раскрывает способность к изобретательности, приучает к усидчивости и трудолюбию.</p><p>Рисование помогают детям,  выражать свою индивидуальность, справляться с различными эмоциями, обогащают внутренний мир.&nbsp;</p><p>На уроках рисования мы рисуем акварелью, гуашью, карандашами, а так же учимся различным приемам и техникам, включая элементы русского народного творчества.</p><p>Занятия проводятся в группе с педагогом, где царит атмосфера творчества, дети чувствуют себя более раскрепощенно, не боятся действовать и творить.</p><p>Все это является хорошим стимулом для того чтобы развиваться в этом направлении.</p><p>Количество детей в группе от 4 до 9 человек.</p>'),
(47, 'dom_target_upgrade', 66, 'upgrade_program', 'descr', '<h2>Английский язык для дошколят</h2><br><p>Все мы хотим видеть своих детей успешными. Владение иностранным языком дает ряд преимуществ в построении успешной карьеры. Раннее обучение английскому языку позволит сформировать умение мыслить на иностранном языке, как на родном, и разговаривать на нем так же бегло.</p><p>Занятия проводятся в игровой форме. Все уроки, даже для самых маленьких, проходят исключительно на английском языке.</p><p>Играя и развлекаясь ребенок незаметно для себя с удовольствием овладеет основами разговорного английского.</p>'),
(48, 'dom_staff', 67, 'staff_list', 'descr', '<p>Образование:  высшее  экономическое</p><p>Стаж работы более  4-х лет в детских развивающих центрах</p>'),
(49, 'dom_staff', 68, 'staff_list', 'descr', '<p>Образование высшее – магистр педагогических наук</p><p>Стаж работы более 5 лет</p><p>КазНПУ им. Абая бакалавриат с отличием по специальности «Дошкольное Обучение и Воспитание»</p><p>Институт Магистратуры и Докторантуры PhD при КазНПУ им.&nbsp;Абая – магистратура с отличием.&nbsp;</p><p>Психолого-педагогическая стажировка в Московском Государственном Педагогическом Университете г. Москва. – 2013г.&nbsp;</p><p>Психологический тренинг развития личности ребенка  — 2010г.&nbsp;</p><p>Монтессори-тренинг – 2009г. Автор более десятка методических разработок и многочисленных научных статей.</p><p>Диплом «Магистр педагогических наук»</p><p><a href="/pdf/diplom_gorodetskaya1.pdf" target="_blank"><img src="/images/images_set_text_pict_303.jpg" alt=""></a></p><p>Диплом «Бакалавр образования»</p><p><a href="/pdf/diplom_gorodetskaya2.pdf" target="_blank"><img src="/images/images_set_text_pict_304.jpg" alt=""></a></p><p>Сертификат о прохождении стажировки в Институте Педагогики и Психологии Образования</p><p><a href="/pdf/sertificate_gorodetskaya1.pdf" target="_blank"><img src="/images/images_set_text_pict_305.jpg" alt=""></a></p>'),
(50, 'dom_staff', 69, 'staff_list', 'descr', '<p>Стаж работы более 4-х лет.</p><p>Образование высшее – Есикский гуманитарно-экономический колледж  факультет «Педагогика и психология», специальность «Учитель начальных классов», «Школьный психолог» диплом.  Высшее образования факультет «Педагогика и психология», специальность «Дефектология. Логопедия».</p><p>Дополнительное образование:</p><p>2013 г. ноябрь – курсы по теме «Рельефно-точечный шрифт Л.Брайля»</p><p>22.02.2014 год – курсы по теме «Медико – психологические аспекты диагностики и коррекции детей с нарушениями зрения»</p><p>08-09.10.2014 год – Участвовала в международном семинаре на тему «Система Луи Брайля в современном информационном обществе»</p><p>2015–2017 г.г. – Магистрант  6М010500 – Дефектология</p><p>Профессиональные навыки:&nbsp;</p><p>— опыт работы с детьми с нарушениями зрения, речи, с задержкой психического развития, с интеллектуальной недостаточностью, с синдромом Дауна, с ДЦП;</p><p>— знание основ детской психологии, педагогической теории, теории дефектологии, тифлопедагогики, логопедии, письмо по системе Л.Брайля.</p><p>Диплом «Бакалавр дефектологии»</p><p><a href="/pdf/sar_dip2.pdf" target="_blank"><img src="/images/images_set_text_pict_315.jpg" alt=""></a></p><p>Диплом «Специалист начального образования»</p><p><a href="/pdf/sar_dip1.pdf" target="_blank"><img src="/images/images_set_text_pict_314.jpg" alt=""></a></p><p>Сертификат «Современные коррекционно-развивающие технологии в специальном образовании за рубежом»</p><p><a href="/pdf/sertificate1.pdf" target="_blank"><img src="/images/images_set_text_pict_308.jpg" alt=""></a></p><p>Сертификат «Система Луи Брайля в современном информационном обществе»</p><p><a href="/pdf/sertificate2.pdf" target="_blank"><img src="/images/images_set_text_pict_309.jpg" alt=""></a><br></p><p>Сертификат «Медико-психологические аспекты диагностики и коррекции детей с нарушениями зрения»</p><p><a href="/pdf/sertificate3.pdf" target="_blank"><img src="/images/images_set_text_pict_310.jpg" alt=""></a><br></p><p>Грамота</p><p><a href="/pdf/sertificate4.pdf" target="_blank"><img src="/images/images_set_text_pict_311.jpg" alt=""></a></p>'),
(51, 'dom_staff', 70, 'staff_list', 'descr', '<p>Образование высшее.</p><p>Стаж работы более 5 лет.</p>');
INSERT INTO `textfields` (`id`, `block_name`, `group_id`, `group_name`, `name`, `value`) VALUES
(53, 'dom_target_upgrade', 118, 'upgrade_program', 'descr', '<p>В нашем клубе  вы освоите методику создания мягких игрушек, тильд, животных из различных типов ткани. От создания эскизов до изготовления самой куклы . А также Вы научитесь шить аксессуары и делать украшения для кукол.</p><p>Мягкая игрушка уже много лет является популярной не только среди детей, но и среди взрослых. А текстильная кукла или плюшевый мишка, сделанные своими руками, это и захватывающий процесс их изготовления, и удовлетворение от работы по окончанию шитья, и хорошее настроение тех, кому эти игрушки будут подарены. При шитье мягкой игрушки мастерица вкладывает в нее частичку своей души. Поэтому игрушки, сшитые своими руками, обладают «сердцем».</p><p>Сшитые по человеческому образу и подобию текстильные куклы снова на пике популярности. Маленькие и большие, весёлые и грустные, пахнущие ванилью и сохраняющие натуральный запах льна, они поражают воображение и невольно вызывают улыбку. Их повсеместно покупают и активно шьют. Трудно даже приблизительно сосчитать, сколько существует различных видов этих потрясающих игрушек.</p><h2>Предлагаем Вашему вниманию курсы по следующим направлениям:</h2><p>1. &nbsp;Создание зайки по мотивам Т.Коннэ.</p><p>2. &nbsp;Создание текстильной куклы по мотивам испанской мастерицы Андреа.</p><p>3. &nbsp;Создание мягких игрушек(на выбор).</p><p>4. &nbsp;Создание куклы в скульптурной технике(из капрона).</p><p>5. &nbsp;А также предлагаем курс по плетению из газетной лозы.</p>'),
(54, 'fidback', 273, 'ask', 'question', 'aFD AFASFAS FASFA FSAf dshdf hfd'),
(55, 'fidback', 274, 'ask', 'question', 'sgsrhrdh'),
(56, 'dom_staff', 278, 'staff_list', 'descr', '<p>Молодой педагог (специалист) по изобразительному искусству.</p><p>Ведение уроков изобразительного искусства в группе с детьми от 4 до 13 лет, где дети научаться технике рисования, основам цветоведения (цветовой круг, основные и составные цвета, дополнительные цвета, холодные и теплые цвета, светлоту и насыщенность цвета, контраста), а так же развивается навык самостоятельной работы, творческая фантазия, воображение и т.д.</p>'),
(57, 'dom_target_upgrade', 288, 'upgrade_program', 'descr', '<h2>Обучение чтению\n</h2>\n<p>Пора уже начать читать, однако вашему ребенку это пока дается с трудом? Не получается складывать слова и ставить правильно ударение?&nbsp;\n</p>\n<p>Мы научим Вашего ребенка читать в игровой форме за 15 уроков. Чтение превратится для него в увлекательное развлечение.&nbsp;\n</p>\n<p>Наша методика базируется на правилах орфоэпии и фонетики, что позволяет избежать или устранить такие часто встречающиеся недостатки чтения как дизлексия, протягивание звука, отсутствие ударения в словах, непонимание прочитанного и прочие.\n</p>\n<h2>Скорочтение\n</h2>\n<p>Аргументом в пользу необходимости обучения скорочтению, является то, что с каждым годом нагрузка на школьников возрастает: книг нужно читать все больше, а навыки чтения остаются на уровне первоначальных. Это вынуждает детей тратить на выполнение домашних заданий огромное количество времени, притом что желание читать становится все слабее.\n</p>\n<p>Обучение скорочтению позволяет устранить ошибки, которые тормозят процесс обучения. Благодаря упражнениям на развитие концентрации, воображения, мышления и памяти можно научиться вычленять из прочитанного главное, лучше запоминать информацию, исключить проговаривание.\n</p>\n<p>Методика наших занятий содержит многочисленные техники и упражнения, с помощью которых мы обучим Вашего ребенка технике быстрого чтения,которая позволит при этом усваивать смысл прочитанной информации.</p>'),
(58, 'dom_staff', 312, 'staff_list', 'descr', '<p>Дефектолог (сурдопедагог, логопед) – интенсивная работа с детьми с нарушениями слуха и интеллекта.\n</p><p>Логопед (қазақша) – тіл кемістігі бар балалармен түзету жұмыстарын жүргізеді.\n</p><p>Логопед (казахский) – проводит коррекционные занятия с детьми с нарушениями речи.</p><p>2012–2016 г.г. &nbsp;– Казахский национальный педагогический университет им. Абая\n&nbsp;Институт педагогики и психологии,  специальность – Дефектология</p><p>2014 год – Литовский эдукологический университет.\nПрограмма: академическая мобильность</p><p>2014 год – Certificate - Lithuanian university of educational sciences</p><p>2014 год – "Инклюзивная образовательная среда за рубежом. Проблемы и перспективы". Академия специальной педагогики имени М.Гжегожевской</p><p>2013 год – Certificate - Lithuanian University of educational sciences faculty of education</p>'),
(59, 'fidback', 317, 'ask', 'question', 'asfagfas as gas'),
(60, 'fidback', 318, 'ask', 'question', 'as htr jty liul;ui ;i; uiuuu'),
(61, 'fidback', 319, 'ask', 'question', 'напишите стоимость Ваших услуг?'),
(62, 'fidback', 322, 'ask', 'question', 'Здравствуйте! У вас группы только с русским языком обучения или есть с казахс им тоже? Если есть сколько стоит ежемесячная оплата?'),
(63, 'fidback', 324, 'ask', 'question', 'Dear Sirs,\nI am representing the network of RAINBOW Children’s Business Schools as well as the International Business Schools Association which these days unite 19 cities of Ukraine, Lithuania, Estonia, Latvia and Kazakhstan. \nTaking into account the activities of your Organization,  may I offer you to consider a possibility of opening RAINBOW Children’s Business School in your city. \nIt is interesting and profitable business with a good level of income. This business will allow you to occupy one more niche at local market of education as well as to take the advantages of membership in the International Business Schools Association.\nWe strive for fast and successful expansion of the RAINBOW Schools network. Therefore we provide full support at the first stages of business activities as well as during further phases of Project implementation.\nIf you are potentially interested in the above-mentioned opportunity please, visit the below web-site for more details:\nhttp://rainbow.pskorg.com/en/\nAlso you can contact our English-speaking manager in order to get more information:\n\nE-mail: diana.rainbow@ukr.net\nCell phone: +38098-885-70-85\n\nLook forward to hearing from you soon. \nWith hope for fruitful cooperation,\n\nDmytro Osyka\nCo-founder of RAINBOW SCHOOL\nHead of International Business Schools Association\n\n\nУважаемые господа!\nЯ представляю сеть детских бизнес-школ RAINBOW, а также Международную ассоциацию бизнес-школ, которые в настоящий момент объединяют 19 городов Украины, Литвы, Эстонии, Латвии и Казахстана.\nУчитывая деятельность Вашей Организации, предлагаю Вам рассмотреть возможность открытия детской бизнес-школы RAINBOW в Вашем городе.\nЭто интересный и прибыльный бизнес с хорошим уровнем дохода. Этот бизнес позволит Вам занять еще одну нишу на местном рынке образования, а также воспользоваться преимуществами членства в Международной ассоциации бизнес-школ.\nМы стремимся к быстрому и успешному расширению сети школ RAINBOW. Поэтому мы предоставляем полную поддержку на начальных стадиях бизнеса, а также на последующих этапах реализации Проекта.\n\nЕсли Вы потенциально заинтересованы в вышеупомянутой возможности, посетите нижеуказанный веб-сайт для получения более детальной информации:\nhttp://rainbow.pskorg.com/en/\n\nТакже Вы можете связаться с нашим англоговорящим менеджером для получения более детальной информации:\n\nПочта: diana.rainbow@ukr.net\nМоб.телефон: +38098-885-70-85\n\nНадеемся на Ваш скорый ответ.\nС надеждой на плодотворное сотрудничество,\n\nДмитрий Осыка\nСо-основатель школы RAINBOW\nГлава Международной ассоциации бизнес-школ\n'),
(64, 'fidback', 326, 'ask', 'question', 'Добрый день, ищу подработку на выходные и праздничные дни. Опыт воспитателя детского сада - 11 лет, переводчика - референта 6 лет, HR менеджера со знанием психологии общения - 4 года'),
(65, 'fidback', 328, 'ask', 'question', 'Здравствуйте! Со скольки лет берете детей для изучения английского языка? Сколько раз в неделю, в какое время и какова стоимость?'),
(66, 'fidback', 330, 'ask', 'question', 'Дд! с какого возраста проходит обучение англискому языку и какова стоимость?'),
(68, 'dom_staff', 334, 'staff_list', 'descr', '<p>Благодарственное письмо за подготовку участников к Международному турниру ПОНИ</p><p><a href="/pdf/mironuk1.pdf" target="_blank"><img src="/images/images_set_text_pict_351.jpg" alt=""></a></p><p>Диплом о высшем педагогическом образовании</p><p><a href="/pdf/mironuk2.pdf" target="_blank"><img src="/images/images_set_text_pict_352.jpg" alt=""></a><br></p><p>Сертификат «Современные педагогические технологии как инструмент управления качеством образования»</p><p><a href="/pdf/mironuk3.pdf" target="_blank"><img src="/images/images_set_text_pict_353.jpg" alt=""></a><br></p>'),
(69, 'fidback', 355, 'ask', 'question', 'Здравствуйте. Ребенку 4 года, после утраты матери начал немного заикаться. До этого я не замечал таких проблем. Нужен логопед со знанием казахского языка. ');

-- --------------------------------------------------------

--
-- Структура таблицы `users`
--

CREATE TABLE IF NOT EXISTS `users` (
`id` int(10) unsigned NOT NULL,
  `name` varchar(255) COLLATE utf8_unicode_ci NOT NULL,
  `email` varchar(255) COLLATE utf8_unicode_ci NOT NULL,
  `password` varchar(60) COLLATE utf8_unicode_ci NOT NULL,
  `remember_token` varchar(100) COLLATE utf8_unicode_ci DEFAULT NULL,
  `created_at` timestamp NOT NULL DEFAULT '0000-00-00 00:00:00',
  `updated_at` timestamp NOT NULL DEFAULT '0000-00-00 00:00:00'
) ENGINE=InnoDB AUTO_INCREMENT=2 DEFAULT CHARSET=utf8 COLLATE=utf8_unicode_ci;

--
-- Дамп данных таблицы `users`
--

INSERT INTO `users` (`id`, `name`, `email`, `password`, `remember_token`, `created_at`, `updated_at`) VALUES
(1, 'bambini', 'admin@admin.kz', '$2y$10$yDQoeJh7niMjKxaNV/Ep3uDaNmAfWNL.f7V/lp.qBkTzMpOjk.LWy', '2L8GMTYYzScMOW3nBROnMIsyxkUvEXJWB7EonXEHolsCsSdp3CfBW35ItkUF', '2016-05-14 10:15:40', '2016-07-19 10:03:16');

--
-- Индексы сохранённых таблиц
--

--
-- Индексы таблицы `blocks`
--
ALTER TABLE `blocks`
 ADD KEY `blocks_name_index` (`name`);

--
-- Индексы таблицы `bools`
--
ALTER TABLE `bools`
 ADD PRIMARY KEY (`id`);

--
-- Индексы таблицы `crops`
--
ALTER TABLE `crops`
 ADD PRIMARY KEY (`id`);

--
-- Индексы таблицы `groups`
--
ALTER TABLE `groups`
 ADD PRIMARY KEY (`id`), ADD KEY `groups_slug_index` (`slug`), ADD KEY `groups_owner_id_index` (`owner_id`), ADD KEY `groups_group_owner_name_index` (`group_owner_name`), ADD KEY `groups_group_name_index` (`group_name`), ADD KEY `groups_block_name_index` (`block_name`);

--
-- Индексы таблицы `images`
--
ALTER TABLE `images`
 ADD PRIMARY KEY (`id`);

--
-- Индексы таблицы `numbs`
--
ALTER TABLE `numbs`
 ADD PRIMARY KEY (`id`);

--
-- Индексы таблицы `password_resets`
--
ALTER TABLE `password_resets`
 ADD KEY `password_resets_email_index` (`email`), ADD KEY `password_resets_token_index` (`token`);

--
-- Индексы таблицы `pdatetimes`
--
ALTER TABLE `pdatetimes`
 ADD PRIMARY KEY (`id`);

--
-- Индексы таблицы `stringfields`
--
ALTER TABLE `stringfields`
 ADD PRIMARY KEY (`id`);

--
-- Индексы таблицы `textfields`
--
ALTER TABLE `textfields`
 ADD PRIMARY KEY (`id`);

--
-- Индексы таблицы `users`
--
ALTER TABLE `users`
 ADD PRIMARY KEY (`id`), ADD UNIQUE KEY `users_email_unique` (`email`);

--
-- AUTO_INCREMENT для сохранённых таблиц
--

--
-- AUTO_INCREMENT для таблицы `bools`
--
ALTER TABLE `bools`
MODIFY `id` int(10) unsigned NOT NULL AUTO_INCREMENT,AUTO_INCREMENT=70;
--
-- AUTO_INCREMENT для таблицы `crops`
--
ALTER TABLE `crops`
MODIFY `id` int(10) unsigned NOT NULL AUTO_INCREMENT,AUTO_INCREMENT=1015;
--
-- AUTO_INCREMENT для таблицы `groups`
--
ALTER TABLE `groups`
MODIFY `id` int(10) unsigned NOT NULL AUTO_INCREMENT,AUTO_INCREMENT=358;
--
-- AUTO_INCREMENT для таблицы `images`
--
ALTER TABLE `images`
MODIFY `id` int(10) unsigned NOT NULL AUTO_INCREMENT,AUTO_INCREMENT=244;
--
-- AUTO_INCREMENT для таблицы `numbs`
--
ALTER TABLE `numbs`
MODIFY `id` int(10) unsigned NOT NULL AUTO_INCREMENT,AUTO_INCREMENT=30;
--
-- AUTO_INCREMENT для таблицы `pdatetimes`
--
ALTER TABLE `pdatetimes`
MODIFY `id` int(10) unsigned NOT NULL AUTO_INCREMENT;
--
-- AUTO_INCREMENT для таблицы `stringfields`
--
ALTER TABLE `stringfields`
MODIFY `id` int(10) unsigned NOT NULL AUTO_INCREMENT,AUTO_INCREMENT=347;
--
-- AUTO_INCREMENT для таблицы `textfields`
--
ALTER TABLE `textfields`
MODIFY `id` int(10) unsigned NOT NULL AUTO_INCREMENT,AUTO_INCREMENT=70;
--
-- AUTO_INCREMENT для таблицы `users`
--
ALTER TABLE `users`
MODIFY `id` int(10) unsigned NOT NULL AUTO_INCREMENT,AUTO_INCREMENT=2;
/*!40101 SET CHARACTER_SET_CLIENT=@OLD_CHARACTER_SET_CLIENT */;
/*!40101 SET CHARACTER_SET_RESULTS=@OLD_CHARACTER_SET_RESULTS */;
/*!40101 SET COLLATION_CONNECTION=@OLD_COLLATION_CONNECTION */;
